place,pop,lat,lon,mly_recent360_km,mly_km_per_km2,mly_top_creator_share,pnx_hexes,pnx_pics_ub,pnx_360_ub
Brussels,1019022,50.85045,4.34878,653.1,51.97,0.38,7,54344,45129
Saint-Josse-ten-Noode,27366,50.8538,4.37282,594.7,47.32,0.44,6,38213,29979
Ixelles,86671,50.83333,4.36667,568.3,45.22,0.39,7,55902,44157
Saint-Gilles,50221,50.82763,4.34389,474.0,37.72,0.45,7,50346,42446
Berchem,43511,51.19021,4.43264,348.8,27.75,0.94,7,8225,6037
Etterbeek,48344,50.83272,4.38835,347.4,27.65,0.4,7,47202,36238
Koekelberg,21984,50.86117,4.33136,346.6,27.58,0.39,7,40600,33259
Borgerhout,46087,51.20957,4.43539,345.5,27.49,0.96,7,6182,4005
Schaerbeek,132761,50.86935,4.37737,318.7,25.36,0.58,7,36959,29835
Rixensart,21616,50.71229,4.52529,284.3,22.63,1.0,6,32,0
Antwerp,529247,51.22047,4.40026,278.3,22.14,0.96,7,6651,4832
Anderlecht,160553,50.83619,4.31454,270.4,21.52,0.7,5,24775,23576
Jette,52490,50.87309,4.33419,246.8,19.64,0.4,6,18538,15912
Forest,56254,50.81678,4.32775,231.9,18.45,0.42,7,31607,29888
Molenbeek-Saint-Jean,97037,50.8499,4.31248,216.4,17.22,0.67,6,19608,18805
Deurne,78747,51.22134,4.46595,214.9,17.1,0.97,7,1953,1046
Woluwe-Saint-Lambert,56584,50.84389,4.42912,202.9,16.15,0.52,7,12934,11298
Mortsel,24525,51.16697,4.45127,198.3,15.78,0.95,6,5986,5262
Wilrijk,41403,51.16734,4.39513,186.9,14.87,0.96,7,2599,2054
Ganshoren,24859,50.87065,4.31531,185.2,14.74,0.37,7,16006,13603
Evere,41667,50.87441,4.39905,184.0,14.64,0.43,7,15744,14245
Edegem,21839,51.15662,4.44504,177.7,14.14,0.94,7,3852,3779
Uccle,82929,50.80225,4.33943,172.3,13.71,0.5,6,24416,22421
Kontich,20290,51.13213,4.44706,147.5,11.74,0.92,6,2742,2705
Merksem,44435,51.24623,4.44903,131.6,10.47,0.92,7,2369,1399
Watermael-Boitsfort,25157,50.80154,4.41436,131.0,10.42,0.82,7,14812,11389
Borsbeek,10334,51.19661,4.48543,118.5,9.43,1.0,7,3042,2551
Boechout,12145,51.15959,4.49195,115.2,9.17,1.0,6,2202,2163
Auderghem,33984,50.81667,4.43333,112.8,8.98,0.68,7,15949,12066
Hoboken,34443,51.17611,4.34844,110.8,8.82,0.87,7,3117,2899
Boom,15810,51.09242,4.3717,109.5,8.71,0.62,7,17865,17813
Berchem-Sainte-Agathe,25162,50.86567,4.29557,105.0,8.36,0.44,6,13019,11339
Gent,265086,51.05,3.71667,104.9,8.34,0.98,5,6280,3291
Sint-Amandsberg,32115,51.05947,3.74943,104.8,8.34,0.93,7,7836,4589
Rumst,14521,51.08153,4.42217,103.7,8.25,0.76,7,17914,17887
Basse Lasne,13861,50.69503,4.49218,96.7,7.7,0.97,5,403,379
Lier,33272,51.13128,4.57041,84.3,6.71,1.0,6,518,484
Mons,95299,50.45413,3.95229,81.8,6.51,1.0,7,2570,423
Wavre,34305,50.71717,4.60138,80.4,6.4,1.0,6,475,429
Zwijndrecht,18249,51.21979,4.32664,78.3,6.23,0.95,5,1535,787
Wommelgem,11917,51.20452,4.5225,77.9,6.2,1.0,6,499,178
Schoten,33622,51.25251,4.50268,73.8,5.88,1.0,7,240,0
Hoeilaart,10272,50.7673,4.46835,73.2,5.83,0.92,6,4085,3696
Aartselaar,14193,51.13412,4.38678,69.2,5.5,1.0,6,1179,1160
Duffel,16011,51.09554,4.50903,66.2,5.27,0.84,5,10921,10909
Schilde,20373,51.24107,4.58336,59.6,4.75,1.0,4,21,0
Tournai,69554,50.60715,3.38932,50.7,4.04,1.0,6,11159,2111
Brasschaat,37040,51.2912,4.49182,49.2,3.91,0.95,6,460,0
Gentbrugge,15885,51.03692,3.76509,46.9,3.73,1.0,6,6731,5268
Hasselt,77651,50.93106,5.33781,45.9,3.65,0.95,6,10039,9939
Geel,34697,51.16557,4.98917,41.2,3.28,0.91,7,412,320
Melsele,10941,51.22285,4.28201,40.2,3.2,0.87,4,40,0
Houthalen,30050,51.03427,5.37429,39.4,3.14,1.0,7,3962,3885
Kapellen,26410,51.31377,4.43539,38.4,3.06,0.84,5,1393,1376
Tongeren,29816,50.78054,5.46484,37.7,3.0,1.0,6,5633,5587
Ekeren,23300,51.28087,4.41813,37.7,3.0,0.95,6,1351,1170
Sint-Truiden,37859,50.81679,5.18647,37.5,2.98,1.0,5,7693,7650
Grobbendonk,10724,51.19043,4.73562,37.3,2.97,0.6,6,1592,1412
Genk,63666,50.965,5.50082,35.3,2.81,0.9,6,4689,4525
Ranst,17405,51.18983,4.56533,35.2,2.8,1.0,4,498,292
Quaregnon,18491,50.44067,3.8653,35.2,2.8,1.0,7,5395,87
Eisden,10152,50.98463,5.71433,35.0,2.78,1.0,7,4807,4702
Lanaken,24771,50.89318,5.6468,33.8,2.69,1.0,6,4249,4214
Herentals,25912,51.17655,4.83248,33.8,2.69,0.39,6,3727,3609
Willebroek,22808,51.06041,4.36019,33.6,2.67,1.0,5,7685,7668
Saint-Ghislain,22500,50.44816,3.81886,33.3,2.65,1.0,6,3703,276
Jemappes,10809,50.44914,3.89096,33.0,2.62,1.0,7,3985,84
Herk-de-Stad,11566,50.94013,5.16636,32.4,2.58,1.0,7,3550,3428
Zonhoven,19922,50.99064,5.36819,32.3,2.57,1.0,7,4840,4714
Mariakerke,17062,51.07476,3.68289,32.2,2.57,0.95,7,2618,1936
Amay,13307,50.54829,5.30974,32.2,2.56,0.56,6,3682,3076
Zellik,10874,50.88408,4.27325,30.7,2.45,0.37,7,4840,4509
Aalter,18802,51.09017,3.44693,30.3,2.41,0.64,7,2321,1676
Zoersel,10000,51.26825,4.71296,29.8,2.37,0.84,6,206,189
Kuringen,11409,50.94426,5.29902,28.9,2.3,1.0,6,8135,8050
Saint-Nicolas,22586,50.62837,5.53243,28.6,2.27,0.53,7,4354,2894
Hannut,14129,50.67142,5.07898,28.3,2.25,1.0,7,4950,4933
Maasmechelen,36251,50.96545,5.69452,28.3,2.25,1.0,6,3762,3386
Sint-Niklaas,69010,51.16509,4.1437,28.2,2.24,0.75,5,3033,2893
Turnhout,44000,51.32254,4.94471,28.1,2.24,0.62,7,2707,2653
Lummen,13689,50.98772,5.19121,27.5,2.19,0.95,5,2537,2512
Drongen,13016,51.05067,3.65649,27.5,2.19,0.6,5,3715,3253
Mechelen,77530,51.02574,4.47762,27.4,2.18,0.68,7,21837,21605
Mechelen-aan-de-Maas,15374,50.96589,5.69144,27.2,2.17,1.0,6,3762,3386
Heverlee,23278,50.86426,4.69597,27.1,2.16,0.55,5,13095,12049
Strombeek-Bever,13727,50.91039,4.35582,27.0,2.15,0.48,6,3843,3161
Mol,32659,51.19188,5.11662,26.7,2.13,0.63,4,780,742
Zandhoven,12306,51.21488,4.66164,26.6,2.12,0.91,5,289,192
Frameries,20598,50.40578,3.89603,26.5,2.11,1.0,4,1389,0
Colfontaine,19964,50.4141,3.85569,26.1,2.07,1.0,4,2733,0
Wasmes,11731,50.41464,3.8471,26.1,2.07,1.0,4,3138,0
Oud-Turnhout,12354,51.31978,4.9841,25.5,2.03,0.58,6,2776,2749
Helchteren,30050,51.05591,5.38244,25.3,2.01,1.0,6,3244,3225
Heule,11873,50.83752,3.23818,24.8,1.98,0.52,6,6914,141
Bocholt,12346,51.17337,5.57994,24.9,1.98,1.0,7,2022,1996
Tienen,31743,50.80745,4.9378,24.9,1.98,0.65,6,9661,9615
Alken,10933,50.87553,5.30558,24.8,1.97,1.0,6,3501,3475
Brugge,118509,51.20892,3.22424,24.6,1.96,0.54,6,3209,749
Paal,11935,51.03988,5.17233,24.1,1.92,0.73,7,3700,3476
Genappe,14266,50.61173,4.45152,23.9,1.9,0.68,5,902,736
Bree,14363,51.14152,5.5969,23.9,1.9,1.0,7,2276,2244
Leuven,101032,50.87959,4.70093,23.8,1.89,0.61,7,17045,15973
Diest,22516,50.98923,5.05062,23.1,1.84,1.0,7,7060,6754
Flémalle-Haute,25144,50.59994,5.44471,22.6,1.8,0.72,6,3361,2879
Heusden,31017,51.03664,5.28013,22.6,1.8,1.0,7,3478,3357
Diepenbeek,17699,50.90769,5.41875,22.6,1.8,1.0,7,3601,3565
Ath,26681,50.62937,3.77801,22.3,1.77,1.0,4,6347,2820
Kruibeke,14815,51.17048,4.31444,22.2,1.77,0.99,7,2306,1793
Veurne,11983,51.07316,2.66803,22.0,1.75,0.79,7,4660,493
Kortrijk,73879,50.82803,3.26487,21.9,1.74,0.39,8,11701,419
Maaseik,25201,51.09802,5.78379,21.8,1.73,1.0,5,1491,1481
Halle,34479,50.73385,4.23454,21.6,1.72,0.78,7,3489,2778
Vilvoorde,36955,50.92814,4.42938,21.1,1.68,0.78,6,605,482
Beernem,14512,51.13981,3.33896,21.1,1.68,0.42,5,541,279
Marchienne-au-Pont,15154,50.40573,4.3953,20.9,1.67,1.0,5,520,0
Wondelgem,23546,51.08705,3.70909,20.7,1.65,0.85,5,1411,678
Dilbeek,39482,50.84799,4.25972,20.4,1.62,0.51,5,7319,7152
Riemst,15809,50.80995,5.60131,20.0,1.59,1.0,7,3072,3053
Berlaar,10370,51.1176,4.65835,19.3,1.54,1.0,5,1751,1742
Rotselaar,15007,50.95302,4.71665,19.2,1.53,1.0,7,5227,5171
Brecht,14007,51.35024,4.63829,19.2,1.53,0.8,6,343,0
Bornem,19997,51.09716,4.24364,19.2,1.53,1.0,7,2612,2551
Kraainem,12815,50.86155,4.46946,19.0,1.52,0.45,7,3158,2359
Lille,15466,51.24197,4.82313,18.9,1.5,0.4,7,3222,3220
Zolder,17289,51.02455,5.30983,18.8,1.5,1.0,6,3473,3288
Nijlen,20792,51.16096,4.67008,18.3,1.46,0.87,4,67,3
Kalmthout,17485,51.38442,4.47556,18.2,1.45,0.79,6,1406,1384
Beringen,40930,51.04954,5.22606,18.2,1.45,1.0,5,4485,4441
Visé,17054,50.7376,5.69907,17.9,1.43,0.76,7,4162,3402
Kinrooi,11946,51.14543,5.74207,17.8,1.42,1.0,7,1745,1726
Ans,27297,50.6623,5.52029,17.7,1.41,0.58,5,2929,2250
Jodoigne,11930,50.72357,4.86914,17.6,1.4,0.56,6,11435,6106
Neerpelt,16122,51.22807,5.4427,17.4,1.39,1.0,7,1252,1195
Montegnée,11417,50.64576,5.51411,17.2,1.37,0.78,6,3127,2521
Aarschot,27656,50.98715,4.83695,17.3,1.37,0.48,7,11900,11866
Boussu,20058,50.43417,3.7944,17.1,1.36,1.0,6,2442,68
Zaventem,28188,50.88365,4.47298,17.0,1.35,0.44,7,2277,1736
Waremme,13737,50.6976,5.25524,16.6,1.32,1.0,7,3294,3272
Ostend,69011,51.21551,2.927,16.4,1.31,0.82,6,1424,0
Nevele,11153,51.03531,3.54574,15.9,1.27,0.67,4,245,159
Overpelt,13344,51.21038,5.41557,15.8,1.26,1.0,6,1029,994
Landen,14458,50.75267,5.082,15.7,1.25,1.0,5,3372,3355
Beerse,16208,51.31927,4.85304,15.7,1.25,0.71,5,1475,1451
Lommel,31993,51.23074,5.31349,15.6,1.24,1.0,5,1648,1589
Grâce-Berleur,10758,50.64032,5.50329,15.5,1.23,0.93,5,1773,1062
Hollogne-aux-Pierres,14944,50.64059,5.47179,15.3,1.22,0.79,5,1056,501
Roeselare,56016,50.94653,3.12269,15.4,1.22,1.0,6,91,0
Houdeng-Goegnies,14312,50.49032,4.17513,15.4,1.22,1.0,6,1114,503
Sint-Katelijne-Waver,19487,51.06691,4.53469,15.2,1.21,1.0,7,8784,8758
Flémalle-Grande,13738,50.60906,5.47668,15.1,1.2,0.68,6,3287,2177
Puurs,15944,51.07409,4.28844,15.0,1.19,1.0,6,3797,3758
Merelbeke,16684,50.99447,3.74621,15.0,1.19,0.63,6,7435,909
Jemeppe-sur-Meuse,11312,50.61701,5.49849,14.6,1.16,0.84,6,2349,1489
Namur,110939,50.4669,4.86746,14.4,1.15,0.75,7,6183,4342
Torhout,18933,51.0656,3.10085,14.3,1.14,1.0,6,26,0
Melle,10687,51.00232,3.80526,14.3,1.14,1.0,7,4077,3384
Blauwput,30215,50.88587,4.72415,14.3,1.14,0.86,7,13528,12478
Vosselaar,10317,51.30856,4.8896,14.2,1.13,0.64,7,1786,1746
Louvain-la-Neuve,29521,50.66829,4.61443,14.2,1.13,1.0,5,901,81
Poperinge,19537,50.85386,2.72659,14.1,1.12,1.0,5,594,475
Beveren,45179,51.21187,4.25633,14.1,1.12,1.0,5,43,0
Bernissart,11588,50.4746,3.64961,13.8,1.1,1.0,7,7327,2656
Seraing,60737,50.58362,5.50115,13.7,1.09,0.79,6,6118,5775
Tessenderlo,16574,51.06513,5.08856,13.7,1.09,0.71,6,2923,2834
Kuurne,12638,50.85143,3.2824,13.6,1.08,0.37,7,5651,141
Erembodegem,12152,50.91905,4.05041,13.6,1.08,0.46,6,919,478
Huy,19973,50.51894,5.23284,13.5,1.08,1.0,5,5902,4641
Machelen,12252,50.91061,4.44174,13.2,1.05,0.5,7,2356,2169
Oud-Heverlee,10533,50.83522,4.66421,13.3,1.05,0.55,5,6169,6129
La Louvière,76668,50.48657,4.18785,13.1,1.04,1.0,5,1090,479
Ieper,35089,50.85114,2.88569,13.1,1.04,0.62,6,811,0
Wemmel,14406,50.90812,4.30613,13.1,1.04,0.69,7,1637,1313
Balen,19978,51.16837,5.17027,12.9,1.03,0.75,5,512,486
Destelbergen,16853,51.05952,3.79899,12.6,1.0,0.5,6,2915,2152
Beersel,23228,50.76589,4.3002,12.6,1.0,0.74,7,8472,7637
Sint-Michiels,12297,51.18806,3.21142,12.4,0.99,0.49,5,1749,260
Heist-op-den-Berg,37873,51.07537,4.72827,12.4,0.99,1.0,6,4065,3992
Sint-Gillis-Waas,17658,51.21914,4.12374,12.5,0.99,1.0,4,52,0
Peer,15551,51.1303,5.45952,12.3,0.98,1.0,6,1777,1720
Wanze,12918,50.53907,5.20846,12.3,0.98,1.0,5,4394,3405
Dour,16861,50.39583,3.77792,12.2,0.97,1.0,2,4,0
Geraardsbergen,30807,50.77343,3.88223,11.9,0.94,0.53,6,7356,4176
Gavere,11888,50.92917,3.66184,11.6,0.92,1.0,7,9055,388
Kessel-Lo,30215,50.88549,4.73717,11.4,0.91,1.0,7,13528,12478
Bilzen,29622,50.87325,5.5184,11.3,0.9,1.0,7,2204,2168
Sint-Kruis,16000,51.21399,3.24949,11.2,0.89,0.7,7,2487,719
Liège,195278,50.63373,5.56749,11.0,0.88,0.81,7,7009,3422
Temse,26054,51.12794,4.21372,10.9,0.87,1.0,5,781,580
Oudenaarde,31866,50.85168,3.60891,10.9,0.87,0.72,6,14941,2621
Ninove,34795,50.82776,4.02657,10.6,0.84,0.66,6,5121,2973
Charleroi,200132,50.41136,4.44448,10.4,0.83,1.0,6,1358,0
Ravels,13560,51.37274,4.9921,10.3,0.82,1.0,4,1393,1381
Harelbeke,25978,50.85343,3.30935,10.2,0.81,0.5,7,6604,0
Aalst,77534,50.93604,4.0355,10.2,0.81,0.58,7,539,54
Waterloo,29778,50.71469,4.3991,10.0,0.8,0.78,6,24080,23681
Denderleeuw,16969,50.88506,4.07601,9.9,0.79,0.57,7,4093,3989
Ougrée,11975,50.60149,5.5444,9.7,0.77,1.0,5,1596,1087
Herent,19218,50.90861,4.67056,9.5,0.75,1.0,7,5740,5702
Binche,32030,50.41155,4.16469,9.3,0.74,1.0,2,42,0
Jumet,24510,50.4422,4.43745,9.0,0.72,0.51,6,528,0
Jambes,19658,50.45636,4.87166,9.0,0.72,0.6,7,6183,4342
Montignies-sur-Sambre,18765,50.41081,4.49109,9.0,0.71,0.54,5,516,0
Virton,11259,49.56824,5.53259,8.9,0.71,1.0,5,1038,1017
Beloeil,13405,50.55047,3.73484,8.7,0.69,1.0,4,4360,1566
Ternat,14569,50.86654,4.16682,8.6,0.69,1.0,6,2115,2106
Lessines,17687,50.71104,3.83579,8.7,0.69,0.98,6,7955,1489
Lubbeek,13574,50.88278,4.83896,8.6,0.68,1.0,7,4387,4339
Diksmuide,15515,51.03248,2.86384,8.6,0.68,1.0,5,615,0
Seneffe,11025,50.53135,4.26301,8.4,0.67,0.67,5,503,399
Morlanwelz-Mariemont,18233,50.45502,4.24519,8.4,0.67,1.0,3,32,4
Herve,16544,50.64083,5.79353,8.3,0.66,0.54,6,1028,572
Lochristi,19696,51.09644,3.83194,8.2,0.65,1.0,6,176,0
Gilly,20043,50.42449,4.4789,8.1,0.65,0.58,6,329,0
Herstal,36503,50.66415,5.62346,8.1,0.64,1.0,6,2259,1286
Leopoldsburg,14149,51.11667,5.25,8.0,0.64,1.0,6,1948,1897
Bredene,14862,51.23489,2.97559,8.0,0.64,1.0,6,1477,0
Buggenhout,13510,51.0159,4.20173,8.0,0.64,1.0,7,2988,2977
Grez-Doiceau,12367,50.73901,4.69829,7.9,0.63,1.0,3,10,0
Tielt-Winge,10707,50.91743,4.88368,7.8,0.62,1.0,7,5667,5645
Deinze,29815,50.98175,3.53096,7.5,0.6,1.0,6,91,0
Asse,28985,50.91011,4.19836,7.5,0.6,1.0,7,1651,1582
Pont-à-Celles,15909,50.50518,4.36887,7.5,0.6,0.66,3,496,357
Arendonk,12247,51.32267,5.08289,7.1,0.56,1.0,5,232,203
Tervuren,20623,50.82372,4.51418,6.8,0.54,1.0,6,4286,3905
Verviers,52824,50.58907,5.86241,6.7,0.53,1.0,5,3111,1423
Courcelles,29473,50.46379,4.3747,6.6,0.53,0.53,3,522,92
Overijse,23486,50.77436,4.53461,6.4,0.51,1.0,7,2849,2827
Aubange,14932,49.56652,5.80492,6.3,0.5,1.0,6,2953,2445
Rebecq-Rognon,10049,50.65147,4.10683,6.0,0.48,1.0,7,1396,1393
Rumbeke,14265,50.93248,3.16716,6.0,0.48,0.83,6,83,0
Haaltert,17129,50.90634,4.00093,6.0,0.48,0.59,7,5195,5170
Bevere,15311,50.8496,3.5873,5.4,0.43,0.55,7,14277,3039
Péruwelz,16647,50.50819,3.59373,5.4,0.43,1.0,4,6834,1957
Merchtem,14660,50.95129,4.23197,5.3,0.42,0.91,7,2325,2306
Éghezée,14352,50.59076,4.91175,5.1,0.41,1.0,5,1346,1342
Anderlues,11597,50.40704,4.27136,5.2,0.41,1.0,3,10,0
Dison,13642,50.61004,5.8534,5.0,0.4,1.0,7,3564,2321
Westerlo,22579,51.09049,4.91544,5.0,0.4,1.0,6,4276,4206
Wezembeek-Oppem,13245,50.8395,4.49427,5.0,0.4,0.91,7,3816,3151
Farciennes,11488,50.43006,4.54152,4.8,0.39,1.0,3,546,0
Nazareth,10890,50.95686,3.59425,4.9,0.39,1.0,5,4267,142
Nieuwpoort,10845,51.13008,2.75135,5.0,0.39,0.62,7,460,225
Zwevegem,23358,50.81268,3.33848,4.8,0.38,0.92,6,5130,0
Gembloux,21676,50.56149,4.69889,4.8,0.38,1.0,6,1657,1536
Wetteren,22930,51.00526,3.88341,4.6,0.37,1.0,6,3735,3673
Damme,10924,51.25147,3.28144,4.7,0.37,1.0,6,182,88
Enghien,11367,50.69375,4.03788,4.6,0.37,1.0,5,2060,1992
Profondeville,11401,50.37581,4.86506,4.5,0.36,1.0,6,1033,762
Braine-le-Comte,20133,50.60979,4.14658,4.4,0.35,1.0,6,891,0
Menen,31916,50.79722,3.12245,4.2,0.33,1.0,7,122812,14255
Opwijk,12045,50.96724,4.18442,4.1,0.32,1.0,6,1047,1035
Liedekerke,11980,50.86892,4.08743,4.0,0.32,1.0,6,3590,3495
Oosterzele,13151,50.95261,3.79826,4.0,0.32,1.0,6,960,938
Soignies,24869,50.57904,4.07129,3.9,0.31,1.0,6,779,43
Châtelet,35238,50.40338,4.52826,3.9,0.31,1.0,4,524,0
Couillet,11365,50.39139,4.45908,3.8,0.31,1.0,7,1209,0
Châtelineau,17166,50.41499,4.52016,3.9,0.31,1.0,5,527,0
Gistel,11084,51.15612,2.96387,3.8,0.3,1.0,6,1160,373
De Pinte,10020,50.99339,3.64747,3.7,0.29,1.0,6,2881,589
Laarne,11600,51.03078,3.85077,3.7,0.29,1.0,6,2734,2478
Assebroek,19772,51.19367,3.2623,3.7,0.29,1.0,8,1720,492
Kasterlee,17765,51.24118,4.96651,3.6,0.29,1.0,5,317,269
Sint-Andries,19336,51.19696,3.17891,3.6,0.28,1.0,7,1310,204
Meise,18497,50.93934,4.32655,3.5,0.28,1.0,5,325,245
Marche-en-Famenne,16856,50.22678,5.34416,3.5,0.28,1.0,5,986,755
Izegem,26382,50.91396,3.21378,3.4,0.27,1.0,5,89,0
Dendermonde,45673,51.02869,4.10106,3.4,0.27,1.0,6,1365,1317
Putte,15276,51.05337,4.63263,3.4,0.27,1.0,6,1680,1670
Zedelgem,21968,51.14236,3.1368,3.3,0.26,1.0,7,139,0
Ichtegem,13582,51.09572,3.01549,3.2,0.26,1.0,5,20,0
Oostkamp,21489,51.15432,3.23128,3.1,0.25,1.0,5,1312,402
Waregem,35896,50.88898,3.42756,3.1,0.25,1.0,7,1863,0
Chapelle-lez-Herlaimont,14353,50.4713,4.28227,3.1,0.25,1.0,5,536,85
Zemst,21096,50.98318,4.46079,3.1,0.25,0.72,7,2968,2932
Zottegem,24434,50.86955,3.81052,3.2,0.25,1.0,6,393,194
Boortmeerbeek,11570,50.97929,4.57443,3.0,0.24,1.0,7,7589,7563
Heusy,15420,50.57457,5.86618,3.0,0.24,1.0,5,3672,1376
Gosselies,11017,50.46936,4.43324,3.0,0.24,1.0,7,908,102
Essen,10000,51.46791,4.46901,2.8,0.23,1.0,5,599,578
Petegem-aan-de-Leie,10332,50.96667,3.53333,2.9,0.23,1.0,7,796,0
Oupeye,23594,50.71184,5.6468,2.7,0.22,1.0,6,2782,1746
Evergem,31615,51.11306,3.70976,2.7,0.21,1.0,7,1769,1318
Staden,10786,50.97456,3.01469,2.7,0.21,1.0,3,45,0
Wervik,17340,50.78069,3.03854,2.5,0.2,1.0,6,94041,13309
Middelkerke,17789,51.18532,2.82077,2.5,0.2,1.0,5,154,0
Stabroek,17294,51.33189,4.37127,2.4,0.19,1.0,5,21,0
Marcinelle,23696,50.39216,4.44388,2.4,0.19,1.0,6,1044,0
Blankenberge,18000,51.31306,3.13227,2.2,0.18,1.0,7,5003,1940
Fléron,15994,50.61516,5.68062,2.2,0.18,1.0,3,11,0
Beyne-Heusay,11608,50.62251,5.66508,2.2,0.18,1.0,4,115,41
Tremelo,13721,50.99231,4.70807,2.3,0.18,1.0,8,3082,3043
Steenokkerzeel,10566,50.91851,4.50989,2.1,0.16,1.0,5,520,464
Wevelgem,30954,50.8,3.16667,2.0,0.16,1.0,6,24738,1027
Lokeren,41438,51.10364,3.99339,2.0,0.16,1.0,4,775,431
Zulte,14670,50.91954,3.44859,1.9,0.15,0.59,5,132,0
Kortemark,11937,51.02951,3.04112,1.5,0.12,0.94,3,13,0
Grimbergen,37000,50.93409,4.37213,1.5,0.12,1.0,6,382,265
Wingene,12887,51.05782,3.27359,1.5,0.12,1.0,6,64,0
Arlon,26179,49.68333,5.81667,1.6,0.12,1.0,7,4499,2103
Manage,22196,50.50312,4.23589,1.6,0.12,1.0,7,1078,337
Bressoux,12588,50.63988,5.60629,0.9,0.07,1.0,7,5791,3147
Grivegnée,21057,50.62148,5.61101,0.9,0.07,1.0,5,2515,243
Sint-Pieters-Leeuw,30446,50.77926,4.24355,0.8,0.07,1.0,7,6461,6418
Blégny,12745,50.67255,5.72508,0.7,0.06,1.0,5,1214,888
Thuin,14682,50.33933,4.28604,0.6,0.05,1.0,5,3528,2698
Sint-Gillis-bij-Dendermonde,12953,51.01905,4.11146,0.6,0.05,1.0,6,573,521
Koersel,18076,51.05909,5.27121,0.5,0.04,1.0,7,3002,2984
Hoogstraten,18524,51.40029,4.76034,0.1,0.01,1.0,4,14,0
Anzegem,13920,50.837,3.47786,0.0,0.0,,6,8432,183
Zonnebeke,11581,50.8726,2.98725,0.0,0.0,,4,561,0
Aiseau,10906,50.41158,4.58671,0.0,0.0,,2,332,0
Zelzate,11901,51.18963,3.80777,0.0,0.0,,5,52,0
Zele,20236,51.06566,4.0403,0.0,0.0,,5,2838,2608
Andenne,24055,50.48941,5.09513,0.0,0.0,,6,2785,2160
Theux,11587,50.53323,5.81245,0.0,0.0,,7,1643,0
Angleur,10647,50.6113,5.59942,0.0,0.0,,6,4222,1215
Wuustwezel,15000,51.39214,4.59546,0.0,0.0,,5,20,0
Tubize,18000,50.69059,4.2009,0.0,0.0,,6,3429,1410
Waasmunster,10460,51.10572,4.08573,0.0,0.0,,7,2053,1426
Wichelen,11014,51.00526,3.97683,0.0,0.0,,6,1873,1834
Aywaille,10636,50.47411,5.67684,0.0,0.0,,7,2427,1068
Bastogne,14395,50.00347,5.71844,0.0,0.0,,7,1137,351
Stekene,16989,51.2099,4.03651,0.0,0.0,,4,23,0
Tielt,19299,50.99931,3.32707,0.0,0.0,,6,216,0
Walcourt,17501,50.25401,4.43796,0.0,0.0,,4,63,0
Berlare,13853,51.03333,4.0,0.0,0.0,,6,3236,3184
Belsele,10489,51.14598,4.08859,0.0,0.0,,4,615,389
Assenede,13495,51.22598,3.75085,0.0,0.0,,2,16,0
Deerlijk,11292,50.85337,3.35416,0.0,0.0,,7,7552,0
Sprimont,12945,50.50922,5.6595,0.0,0.0,,4,423,89
Spa,10756,50.48375,5.86674,0.0,0.0,,6,55,0
Fleurus,22080,50.48351,4.55006,0.0,0.0,,5,1959,1030
Florennes,10723,50.25127,4.60636,0.0,0.0,,2,4,0
Mettet,12014,50.32119,4.66232,0.0,0.0,,2,9,0
Frasnes-lez-Buissenal,10936,50.66783,3.62047,0.0,0.0,,7,8742,1348
Malmédy,12654,50.42686,6.02794,0.0,0.0,,7,2928,692
Maldegem,22092,51.20737,3.44511,0.0,0.0,,5,50,0
Lede,16813,50.96626,3.98594,0.0,0.0,,5,61,6
Lebbeke,17372,51.00464,4.13457,0.0,0.0,,7,438,411
La Calamine,10232,50.71809,6.01107,0.0,0.0,,5,431,414
Hamme,22891,51.09822,4.13705,0.0,0.0,,6,947,909
Koksijde,21957,51.11642,2.63772,0.0,0.0,,5,1477,0
Heist,12951,51.33867,3.23882,0.0,0.0,,5,2464,34
Knokke-Heist,33781,51.35,3.26667,0.0,0.0,,5,2593,0
Knokke,14449,51.35113,3.28744,0.0,0.0,,5,1871,0
Jupille-sur-Meuse,10604,50.64587,5.63307,0.0,0.0,,5,2195,518
Herselt,13493,51.05159,4.88231,0.0,0.0,,7,5029,4982
Jabbeke,13488,51.18185,3.08935,0.0,0.0,,5,432,224
Herzele,16523,50.88681,3.89014,0.0,0.0,,6,6479,1908
Ingelmunster,10603,50.92081,3.25571,0.0,0.0,,6,94,0
Meulebeke,10948,50.95136,3.28804,0.0,0.0,,4,926,0
Mont-sur-Marchienne,12761,50.38997,4.40732,0.0,0.0,,7,1220,0
Eupen,18029,50.6279,6.03647,0.0,0.0,,6,74,0
Ciney,14830,50.29449,5.10015,0.0,0.0,,4,209,0
Soumagne,15237,50.61385,5.74679,0.0,0.0,,4,196,0
Braine-l'Alleud,37512,50.68363,4.36784,0.0,0.0,,7,35746,32360
Sint-Genesius-Rode,17990,50.74645,4.35754,0.0,0.0,,6,6071,6023
Ronse,24204,50.74574,3.6005,0.0,0.0,,7,31211,1250
Rochefort,11978,50.1631,5.2216,0.0,0.0,,5,2560,2531
Rijkevorsel,10606,51.34795,4.76053,0.0,0.0,,2,5,0
Chaudfontaine,20960,50.5828,5.6341,0.0,0.0,,7,640,178
Chaumont-Gistoux,10943,50.67753,4.7212,0.0,0.0,,2,8,0
Couvin,13518,50.05284,4.49495,0.0,0.0,,5,73,0
Moorslede,10720,50.8919,3.06117,0.0,0.0,,3,4,0
De Haan,11766,51.27261,3.03446,0.0,0.0,,7,2089,0
Dinant,12875,50.25807,4.91166,0.0,0.0,,7,807,0
Durbuy,10251,50.35291,5.45631,0.0,0.0,,4,30,0
Nivelles,24149,50.59833,4.32848,0.0,0.0,,4,120,12
Eeklo,19116,51.18703,3.55654,0.0,0.0,,6,95,0
Mouscron,52069,50.74497,3.20639,0.0,0.0,,6,115843,8858
Ertvelde,10730,51.17921,3.74722,0.0,0.0,,3,11,0
Esneux,13497,50.53596,5.56775,0.0,0.0,,5,368,67
Kortenberg,17774,50.88982,4.54353,0.0,0.0,,5,462,400
