city_id,run_date,n_panos,n_quality,q_p10,q_p25,q_p50,q_p75,q_p90,pct_ge_good,pct_lt_poor,n_sequences,n_seq_mixed_foot,n_seq_mixed_org,seq_q_p25,seq_q_p50,seq_q_p75,n_foot_known,n_panos_on_foot,pct_on_foot,q_p50_on_foot,q_p50_vehicle,n_seq_on_foot,n_seq_vehicle,seq_q_p50_on_foot,seq_q_p50_vehicle,n_with_org,n_distinct_orgs,q_p50_org,q_p50_no_org,n_seq_org,n_seq_no_org,seq_q_p50_org,seq_q_p50_no_org,pct_with_org
abidjan--ivory-coast,2026-07-27,144665,144665,0.817,0.844,0.867,0.884,0.897,8.3047,0.1797,471,0,0,0.847,0.8675,0.879,144665,51,0.0353,0.785,0.867,3,468,0.805,0.8678,50,1,0.785,0.867,2,469,0.79,0.8675,0.0346
addis-ababa--addis-ababa--ethiopia,2026-08-12,6306,6306,0.3565,0.859,0.894,0.914,0.926,42.4358,13.2255,26,0,0,0.8201,0.87,0.8988,6306,1126,17.856,0.8045,0.9,11,15,0.83,0.898,1136,2,0.9,0.893,6,20,0.5185,0.8767,18.0146
anchorage--alaska--united-states,2026-07-24,27466,27466,0.803,0.827,0.848,0.867,0.884,3.2913,0.0947,1054,0,0,0.821,0.841,0.8555,27466,0,0.0,,0.848,0,1054,,0.841,0,0,,0.848,0,1054,,0.841,0.0
arlington--virginia--united-states,2026-07-31,319359,319359,0.617,0.739,0.805,0.851,0.88,3.5271,9.3932,2203,0,0,0.756,0.815,0.854,319359,42274,13.2371,0.804,0.805,503,1700,0.82,0.8147,265400,5,0.804,0.813,1670,533,0.812,0.822,83.104
bath--england--united-kingdom,2026-07-27,3728,3728,0.083,0.68,0.743,0.817,0.856,1.3144,17.7575,22,0,0,0.6985,0.7677,0.8175,3728,292,7.8326,0.8185,0.729,1,21,0.8185,0.7645,0,0,,0.743,0,22,,0.7677,0.0
belgrade--city-of-belgrade--serbia,2026-07-24,239338,239338,0.773,0.807,0.841,0.876,0.902,11.0989,0.4416,630,0,0,0.814,0.842,0.864,239338,42,0.0175,0.74,0.841,15,615,0.734,0.844,91021,3,0.856,0.836,73,557,0.8465,0.841,38.0303
berlin--state-of-berlin--germany,2026-08-17,1471440,1471440,0.698,0.759,0.817,0.863,0.892,7.0055,2.2013,6564,0,0,0.789,0.833,0.864,1471440,18439,1.2531,0.754,0.818,135,6429,0.803,0.834,51767,6,0.795,0.818,296,6268,0.796,0.835,3.5181
bogota--colombia,2026-08-17,2683896,2683896,0.809,0.84,0.868,0.891,0.909,16.6821,0.2268,6641,0,0,0.851,0.869,0.884,2683896,12538,0.4672,0.842,0.868,217,6424,0.8505,0.869,20302,3,0.877,0.868,26,6615,0.8768,0.869,0.7564
boone-county--kentucky--united-states,2026-08-01,2028,2028,0.819,0.839,0.854,0.868,0.878,0.2465,0.0,2,0,0,0.8515,0.854,0.8565,2028,0,0.0,,0.854,0,2,,0.854,2028,1,0.854,,2,0,0.854,,100.0
braga--braga--portugal,2026-07-24,102459,102459,0.722,0.775,0.822,0.854,0.875,1.6543,0.1132,122,0,0,0.7903,0.8312,0.85,102459,3627,3.54,0.839,0.821,15,107,0.851,0.831,100629,1,0.821,0.84,121,1,0.831,0.84,98.2139
budapest--budapest--hungary,2026-08-17,871831,871831,0.687,0.751,0.808,0.855,0.889,6.3616,3.3827,3811,0,0,0.768,0.812,0.854,871831,35682,4.0928,0.718,0.811,227,3584,0.725,0.815,267337,4,0.858,0.785,1001,2810,0.868,0.792,30.6639
cairo--egypt,2026-07-31,3296,3296,0.835,0.856,0.87,0.884,0.897,7.1602,0.6675,5,0,0,0.795,0.87,0.87,3296,1,0.0303,0.714,0.87,1,4,0.714,0.87,0,0,,0.87,0,5,,0.87,0.0
camden--arkansas--united-states,2026-07-24,1,1,0.039,0.039,0.039,0.039,0.039,0.0,100.0,1,0,0,0.039,0.039,0.039,1,0,0.0,,0.039,0,1,,0.039,0,0,,0.039,0,1,,0.039,0.0
camp-verde--arizona--united-states,2026-07-24,42296,42296,0.84,0.856,0.872,0.886,0.899,9.2113,0.0,119,0,0,0.864,0.871,0.88,42296,0,0.0,,0.872,0,119,,0.871,0,0,,0.872,0,119,,0.871,0.0
campbell-county--kentucky--united-states,2026-07-31,236438,236438,0.811,0.843,0.871,0.891,0.904,14.7717,0.0,1015,0,0,0.849,0.872,0.888,236438,0,0.0,,0.871,0,1015,,0.872,20809,1,0.891,0.869,121,894,0.892,0.87,8.801
cape-may--new-jersey--united-states,2026-07-24,891,891,0.792,0.81,0.83,0.85,0.867,0.0,0.0,3,0,0,0.822,0.83,0.8405,891,0,0.0,,0.83,0,3,,0.83,0,0,,0.83,0,3,,0.83,0.0
cape-town--western-cape--south-africa,2026-07-24,40,40,0.7929,0.826,0.864,0.8818,0.8992,10.0,2.5,1,0,0,0.864,0.864,0.864,40,0,0.0,,0.864,0,1,,0.864,0,0,,0.864,0,1,,0.864,0.0
capitol-heights--maryland--united-states,2026-07-24,7430,7430,0.6169,0.765,0.813,0.848,0.869,0.323,9.5962,58,0,0,0.7762,0.8167,0.8458,7430,0,0.0,,0.813,0,58,,0.8167,5349,2,0.791,0.853,46,12,0.796,0.8585,71.9919
cardenas--matanzas-province--cuba,2026-07-27,2,2,0.5375,0.5548,0.5835,0.6122,0.6295,0.0,50.0,2,0,0,0.5548,0.5835,0.6122,2,2,100.0,0.5835,,2,0,0.5835,,0,0,,0.5835,0,2,,0.5835,0.0
carefree--arizona--united-states,2026-07-24,18393,18393,0.772,0.799,0.828,0.853,0.87,0.2664,0.7938,26,0,0,0.7923,0.826,0.839,18393,317,1.7235,0.603,0.829,5,21,0.6125,0.831,0,0,,0.828,0,26,,0.826,0.0
carson-city--nevada--united-states,2026-07-25,8656,8656,0.799,0.819,0.852,0.896,0.908,19.9053,0.1271,11,0,0,0.824,0.837,0.867,8656,0,0.0,,0.852,0,11,,0.837,0,0,,0.852,0,11,,0.837,0.0
casa-grande--arizona--united-states,2026-07-25,8090,8090,0.763,0.78,0.794,0.812,0.8831,4.1904,0.0742,7,0,0,0.791,0.813,0.8905,8090,0,0.0,,0.794,0,7,,0.813,27,1,0.813,0.794,1,6,0.813,0.84,0.3337
casper--wyoming--united-states,2026-07-25,14035,14035,0.7904,0.814,0.832,0.851,0.87,1.311,0.0356,18,0,0,0.8143,0.8295,0.844,14035,602,4.2893,0.776,0.832,4,14,0.7355,0.834,5551,1,0.821,0.841,4,14,0.824,0.834,39.5511
catawba--north-carolina--united-states,2026-07-25,32,32,0.7703,0.7798,0.796,0.8103,0.816,0.0,0.0,1,0,0,0.796,0.796,0.796,32,0,0.0,,0.796,0,1,,0.796,0,0,,0.796,0,1,,0.796,0.0
cedar-city--utah--united-states,2026-07-25,261,261,0.866,0.874,0.883,0.889,0.894,1.1494,0.0,1,0,0,0.883,0.883,0.883,261,0,0.0,,0.883,0,1,,0.883,0,0,,0.883,0,1,,0.883,0.0
cedar-rapids--iowa--united-states,2026-07-25,889,889,0.7918,0.812,0.85,0.868,0.876,0.0,0.0,4,0,0,0.7946,0.8117,0.8277,889,0,0.0,,0.85,0,4,,0.8117,0,0,,0.85,0,4,,0.8117,0.0
centerfield--utah--united-states,2026-07-25,228,228,0.6817,0.7037,0.7285,0.746,0.7643,0.0,0.0,1,0,0,0.7285,0.7285,0.7285,228,0,0.0,,0.7285,0,1,,0.7285,0,0,,0.7285,0,1,,0.7285,0.0
chandler--arizona--united-states,2026-07-25,28966,28966,0.82,0.853,0.878,0.899,0.913,23.9557,0.977,41,0,0,0.868,0.879,0.899,28966,0,0.0,,0.878,0,41,,0.879,0,0,,0.878,0,41,,0.879,0.0
charleston--south-carolina--united-states,2026-07-25,8768,8768,0.825,0.85,0.886,0.902,0.913,29.0944,0.0,115,0,0,0.8595,0.885,0.896,8768,0,0.0,,0.886,0,115,,0.885,8768,1,0.886,,115,0,0.885,,100.0
charlestown--maryland--united-states,2026-07-26,61,61,0.808,0.812,0.818,0.832,0.843,0.0,0.0,3,0,0,0.8167,0.8185,0.8345,61,0,0.0,,0.818,0,3,,0.8185,0,0,,0.818,0,3,,0.8185,0.0
charlotte--north-carolina--united-states,2026-07-31,24618,24618,0.765,0.801,0.846,0.875,0.894,6.6699,0.0,94,0,0,0.7933,0.8362,0.8708,24618,312,1.2674,0.747,0.847,10,84,0.741,0.842,0,0,,0.846,0,94,,0.8362,0.0
chehalis--washington--united-states,2026-07-26,155,155,0.7522,0.807,0.828,0.84,0.85,0.0,0.6452,2,0,0,0.8269,0.8277,0.8286,155,0,0.0,,0.828,0,2,,0.8277,0,0,,0.828,0,2,,0.8277,0.0
chelsea--alabama--united-states,2026-07-26,3944,3944,0.759,0.778,0.802,0.832,0.858,0.2282,0.0,34,0,0,0.7792,0.7885,0.8211,3944,0,0.0,,0.802,0,34,,0.7885,0,0,,0.802,0,34,,0.7885,0.0
cheney--washington--united-states,2026-07-26,798,798,0.858,0.874,0.889,0.899,0.91,24.9373,0.0,5,0,0,0.878,0.879,0.891,798,0,0.0,,0.889,0,5,,0.879,0,0,,0.889,0,5,,0.879,0.0
chewelah--washington--united-states,2026-07-27,750,750,0.844,0.859,0.874,0.888,0.906,15.4667,0.0,4,0,0,0.8681,0.8722,0.8751,750,0,0.0,,0.874,0,4,,0.8722,0,0,,0.874,0,4,,0.8722,0.0
chicago--illinois--united-states,2026-07-30,170614,170614,0.771,0.813,0.851,0.879,0.901,10.7019,2.0772,5066,0,0,0.826,0.854,0.875,170614,10157,5.9532,0.859,0.85,1250,3816,0.856,0.8535,48066,4,0.845,0.853,4782,284,0.854,0.8528,28.1724
church-creek--maryland--united-states,2026-08-17,29,29,0.8388,0.85,0.861,0.868,0.8746,0.0,0.0,1,0,0,0.861,0.861,0.861,29,0,0.0,,0.861,0,1,,0.861,29,1,0.861,,1,0,0.861,,100.0
cimarron--new-mexico--united-states,2026-08-17,713,713,0.853,0.859,0.868,0.876,0.8838,3.2258,0.0,1,0,0,0.868,0.868,0.868,713,0,0.0,,0.868,0,1,,0.868,713,1,0.868,,1,0,0.868,,100.0
city-of-albany--new-york--united-states,2026-08-17,8974,8974,0.8033,0.819,0.837,0.856,0.871,1.2258,0.1114,6,0,0,0.8276,0.8305,0.8375,8974,1,0.0111,0.663,0.837,1,5,0.663,0.833,0,0,,0.837,0,6,,0.8305,0.0
city-of-niagara-falls--new-york--united-states,2026-08-17,14926,14926,0.761,0.815,0.841,0.866,0.885,3.0216,1.3265,31,0,0,0.746,0.814,0.8575,14926,2495,16.7158,0.768,0.849,15,16,0.756,0.8575,0,0,,0.841,0,31,,0.814,0.0
city-of-rye--new-york--united-states,2026-08-17,2567,2567,0.585,0.612,0.646,0.762,0.8644,1.2076,17.5691,21,0,0,0.621,0.7095,0.832,2567,1706,66.4589,0.623,0.828,10,11,0.618,0.832,0,0,,0.646,0,21,,0.7095,0.0
city-of-white-plains--new-york--united-states,2026-08-17,3279,3279,0.588,0.625,0.659,0.689,0.764,0.0,13.6932,28,0,0,0.6351,0.662,0.6905,3279,3070,93.6261,0.656,0.822,25,3,0.646,0.818,0,0,,0.659,0,28,,0.662,0.0
clayton--missouri--united-states,2026-08-17,135,135,0.87,0.8775,0.893,0.915,0.9246,43.7037,0.0,1,0,0,0.893,0.893,0.893,135,0,0.0,,0.893,0,1,,0.893,135,1,0.893,,1,0,0.893,,100.0
cle-elum--washington--united-states,2026-08-17,1537,1537,0.821,0.835,0.859,0.875,0.888,3.2531,0.0,5,0,0,0.835,0.866,0.869,1537,0,0.0,,0.859,0,5,,0.866,0,0,,0.859,0,5,,0.866,0.0
cleveland--ohio--united-states,2026-07-30,44080,44080,0.802,0.833,0.858,0.879,0.903,11.1887,0.2064,144,0,0,0.8356,0.8562,0.8872,44080,1043,2.3662,0.721,0.859,12,132,0.7167,0.862,8352,2,0.9,0.852,44,100,0.9093,0.8488,18.9474
clio--michigan--united-states,2026-07-30,2316,2316,0.7185,0.76,0.826,0.868,0.889,4.62,1.4249,12,0,0,0.7596,0.803,0.8468,2316,0,0.0,,0.826,0,12,,0.803,0,0,,0.826,0,12,,0.803,0.0
cocoa--florida--united-states,2026-07-30,4199,4199,0.843,0.858,0.875,0.89,0.901,11.4551,0.0,5,0,0,0.869,0.873,0.875,4199,0,0.0,,0.875,0,5,,0.873,0,0,,0.875,0,5,,0.873,0.0
college-place--washington--united-states,2026-07-30,21429,21429,0.831,0.855,0.872,0.885,0.896,6.1832,0.0,79,0,0,0.8625,0.871,0.878,21429,0,0.0,,0.872,0,79,,0.871,18200,1,0.872,0.87,64,15,0.8695,0.873,84.9316
colorado-springs--colorado--united-states,2026-08-17,1356824,1356824,0.873,0.893,0.91,0.922,0.932,65.9735,0.0046,2181,0,0,0.893,0.909,0.92,1356824,0,0.0,,0.91,0,2181,,0.909,6094,1,0.864,0.91,6,2175,0.835,0.909,0.4491
columbia--mississippi--united-states,2026-07-31,3171,3171,0.804,0.8335,0.862,0.877,0.887,0.2523,0.0,3,0,0,0.816,0.863,0.863,3171,0,0.0,,0.862,0,3,,0.863,0,0,,0.862,0,3,,0.863,0.0
columbus--georgia--united-states,2026-07-31,5757,5757,0.743,0.771,0.797,0.814,0.826,0.0,0.0869,89,0,0,0.778,0.801,0.812,5757,0,0.0,,0.797,0,89,,0.801,1857,1,0.762,0.807,24,65,0.761,0.809,32.2564
columbus--ohio--united-states,2026-07-31,4695,4695,0.624,0.669,0.767,0.853,0.879,3.8552,4.4302,9,0,0,0.715,0.833,0.835,4695,1421,30.2662,0.669,0.834,2,7,0.7092,0.833,0,0,,0.767,0,9,,0.833,0.0
combes--texas--united-states,2026-07-31,1374,1374,0.814,0.834,0.868,0.889,0.9,10.4803,0.0,6,0,0,0.836,0.8655,0.8822,1374,0,0.0,,0.868,0,6,,0.8655,0,0,,0.868,0,6,,0.8655,0.0
commerce-city--colorado--united-states,2026-07-31,137756,137756,0.797,0.837,0.875,0.894,0.906,17.4403,0.2584,3439,0,0,0.8,0.827,0.8502,137756,26,0.0189,0.8245,0.875,24,3415,0.8245,0.827,65592,4,0.849,0.884,3051,388,0.822,0.889,47.6146
concord--new-hampshire--united-states,2026-08-03,17296,17296,0.747,0.799,0.833,0.867,0.893,5.7065,0.0636,20,0,0,0.7958,0.8245,0.8502,17296,0,0.0,,0.833,0,20,,0.8245,0,0,,0.833,0,20,,0.8245,0.0
concrete--washington--united-states,2026-08-04,587,587,0.7026,0.75,0.782,0.806,0.8324,0.0,0.3407,7,0,0,0.729,0.765,0.7825,587,0,0.0,,0.782,0,7,,0.765,0,0,,0.782,0,7,,0.765,0.0
coopersville--michigan--united-states,2026-08-04,1433,1433,0.814,0.823,0.834,0.844,0.851,0.0,0.0,1,0,0,0.834,0.834,0.834,1433,0,0.0,,0.834,0,1,,0.834,0,0,,0.834,0,1,,0.834,0.0
coral-gables--florida--united-states,2026-08-04,242920,242920,0.706,0.746,0.789,0.827,0.855,0.7286,1.0012,4164,0,0,0.7575,0.798,0.833,242920,0,0.0,,0.789,0,4164,,0.798,0,0,,0.789,0,4164,,0.798,0.0
cordova--alaska--united-states,2026-08-04,605,605,0.7614,0.792,0.822,0.842,0.857,0.0,0.0,1,0,0,0.822,0.822,0.822,605,0,0.0,,0.822,0,1,,0.822,0,0,,0.822,0,1,,0.822,0.0
corsicana--texas--united-states,2026-08-04,11644,11644,0.746,0.769,0.79,0.808,0.823,0.0,2.1127,14,0,0,0.7814,0.7915,0.801,11644,0,0.0,,0.79,0,14,,0.7915,0,0,,0.79,0,14,,0.7915,0.0
corvallis--oregon--united-states,2026-08-04,552,552,0.7941,0.82,0.852,0.874,0.884,2.8986,0.1812,4,0,0,0.8455,0.857,0.8602,552,0,0.0,,0.852,0,4,,0.857,0,0,,0.852,0,4,,0.857,0.0
cottage-city--maryland--united-states,2026-08-04,718,718,0.5107,0.725,0.7775,0.815,0.84,0.0,13.649,21,0,0,0.7355,0.777,0.814,718,0,0.0,,0.7775,0,21,,0.777,718,2,0.7775,,21,0,0.777,,100.0
coupeville--washington--united-states,2026-08-04,2789,2789,0.7638,0.799,0.833,0.862,0.884,3.0118,2.7608,18,0,0,0.8063,0.8325,0.8576,2789,432,15.4894,0.8305,0.834,8,10,0.8345,0.831,0,0,,0.833,0,18,,0.8325,0.0
covington--kentucky--united-states,2026-08-04,90718,90718,0.811,0.844,0.873,0.896,0.91,20.5351,0.0022,385,0,0,0.848,0.877,0.895,90718,0,0.0,,0.873,0,385,,0.877,70097,2,0.88,0.856,303,82,0.885,0.8552,77.2691
covington--virginia--united-states,2026-08-04,2350,2350,0.742,0.759,0.7835,0.808,0.827,0.0,0.1702,6,0,0,0.7805,0.7855,0.7973,2350,0,0.0,,0.7835,0,6,,0.7855,0,0,,0.7835,0,6,,0.7855,0.0
crestwood--missouri--united-states,2026-08-05,1367,1367,0.851,0.862,0.874,0.883,0.892,2.6335,0.0,3,0,0,0.8675,0.872,0.876,1367,0,0.0,,0.874,0,3,,0.872,1367,1,0.874,,3,0,0.872,,100.0
cuenca--azuay--ecuador,2026-08-05,40168,40168,0.463,0.74,0.812,0.851,0.874,1.7178,10.9216,198,0,0,0.7993,0.84,0.8609,40168,2688,6.6919,0.816,0.812,67,131,0.825,0.849,0,0,,0.812,0,198,,0.84,0.0
culpeper--virginia--united-states,2026-08-05,873,873,0.754,0.786,0.82,0.845,0.868,0.1145,0.0,18,0,0,0.8119,0.8285,0.853,873,0,0.0,,0.82,0,18,,0.8285,873,1,0.82,,18,0,0.8285,,100.0
curico--maule-region--chile,2026-08-05,813,813,0.738,0.767,0.792,0.819,0.849,0.0,0.0,4,0,0,0.7883,0.7923,0.8113,813,0,0.0,,0.792,0,4,,0.7923,0,0,,0.792,0,4,,0.7923,0.0
dakar--dakar-region--senegal,2026-08-05,60,60,0.6514,0.7005,0.776,0.8137,0.8491,0.0,5.0,28,0,0,0.7352,0.7875,0.82,60,55,91.6667,0.772,0.823,23,5,0.775,0.823,0,0,,0.776,0,28,,0.7875,0.0
darrington--washington--united-states,2026-08-06,278,278,0.7235,0.7682,0.836,0.871,0.8883,3.5971,5.3957,2,0,0,0.8228,0.8355,0.8482,278,0,0.0,,0.836,0,2,,0.8355,0,0,,0.836,0,2,,0.8355,0.0
dayton--virginia--united-states,2026-08-06,7318,7318,0.781,0.814,0.838,0.859,0.877,1.8038,0.041,30,0,0,0.82,0.8415,0.859,7318,0,0.0,,0.838,0,30,,0.8415,0,0,,0.838,0,30,,0.8415,0.0
dearborn--michigan--united-states,2026-08-06,624658,624658,0.851,0.874,0.893,0.908,0.919,38.9618,0.0634,2856,0,0,0.879,0.893,0.903,624658,0,0.0,,0.893,0,2856,,0.893,220848,1,0.897,0.891,819,2037,0.898,0.892,35.355
decatur--mississippi--united-states,2026-08-06,1855,1855,0.681,0.726,0.771,0.807,0.838,0.0539,0.2695,2,0,0,0.742,0.756,0.77,1855,0,0.0,,0.771,0,2,,0.756,0,0,,0.771,0,2,,0.756,0.0
del-mar--california--united-states,2026-08-06,3224,3224,0.673,0.775,0.863,0.89,0.908,17.2146,5.8002,22,0,0,0.726,0.8313,0.8705,3224,3173,98.4181,0.864,0.836,20,2,0.8387,0.7378,0,0,,0.863,0,22,,0.8313,0.0
denver--colorado--united-states,2026-08-08,1017564,1017564,0.836,0.865,0.885,0.9,0.912,25.5242,0.0875,24581,0,0,0.867,0.89,0.904,1017564,583,0.0573,0.788,0.885,55,24526,0.827,0.89,370454,7,0.885,0.885,20680,3901,0.889,0.891,36.406
derby--connecticut--united-states,2026-08-08,44807,44807,0.669,0.783,0.839,0.877,0.9,10.4448,7.1797,419,0,0,0.793,0.84,0.8712,44807,0,0.0,,0.839,0,419,,0.84,0,0,,0.839,0,419,,0.84,0.0
des-moines--iowa--united-states,2026-08-08,352570,352570,0.737,0.772,0.811,0.844,0.873,2.3695,0.9984,880,0,0,0.783,0.8165,0.857,352570,1,0.0003,0.855,0.811,1,879,0.855,0.816,3644,1,0.913,0.81,3,877,0.914,0.816,1.0336
detroit--michigan--united-states,2026-08-17,15433401,15433401,0.849,0.873,0.892,0.908,0.919,37.7362,0.2584,54023,0,0,0.878,0.892,0.903,15433401,102,0.0007,0.904,0.892,1,54022,0.904,0.892,5686239,3,0.895,0.891,15147,38876,0.895,0.89,36.8437
doral--florida--united-states,2026-08-09,63114,63114,0.764,0.793,0.819,0.842,0.859,0.2361,0.1204,1041,0,0,0.802,0.824,0.843,63114,153,0.2424,0.874,0.819,1,1040,0.874,0.824,0,0,,0.819,0,1041,,0.824,0.0
douglas--arizona--united-states,2026-08-09,58370,58370,0.832,0.86,0.882,0.898,0.91,23.339,0.0,161,0,0,0.865,0.881,0.896,58370,0,0.0,,0.882,0,161,,0.881,0,0,,0.882,0,161,,0.881,0.0
dublin--indiana--united-states,2026-08-09,5695,5695,0.785,0.808,0.829,0.848,0.863,0.5443,0.0,36,0,0,0.8142,0.8247,0.8352,5695,0,0.0,,0.829,0,36,,0.8247,5658,1,0.829,0.769,35,1,0.825,0.769,99.3503
dumfries--virginia--united-states,2026-08-09,117,117,0.7146,0.736,0.771,0.815,0.833,0.0,0.0,3,0,0,0.74,0.741,0.7815,117,0,0.0,,0.771,0,3,,0.741,0,0,,0.771,0,3,,0.741,0.0
east-hollywood--california--united-states,2026-08-09,604,604,0.868,0.879,0.896,0.91,0.918,43.543,0.0,2,0,0,0.8918,0.8935,0.8952,604,0,0.0,,0.896,0,2,,0.8935,575,1,0.897,0.89,1,1,0.897,0.89,95.1987
eastport--maine--united-states,2026-08-10,22962,22962,0.779,0.811,0.834,0.858,0.877,1.4807,0.0,78,0,0,0.8125,0.833,0.854,22962,0,0.0,,0.834,0,78,,0.833,0,0,,0.834,0,78,,0.833,0.0
elgin--illinois--united-states,2026-08-10,742,742,0.8221,0.841,0.854,0.864,0.871,0.0,0.1348,3,0,0,0.851,0.853,0.8562,742,0,0.0,,0.854,0,3,,0.853,409,1,0.853,0.855,1,2,0.853,0.8542,55.1213
elgin--oregon--united-states,2026-08-10,396,396,0.6995,0.718,0.761,0.784,0.81,0.0,0.0,3,0,0,0.7425,0.768,0.7845,396,23,5.8081,0.801,0.757,1,2,0.801,0.7425,0,0,,0.761,0,3,,0.768,0.0
elizabeth--minnesota--united-states,2026-08-10,375,375,0.8312,0.858,0.885,0.901,0.9096,28.0,0.0,3,0,0,0.8627,0.8835,0.8932,375,0,0.0,,0.885,0,3,,0.8835,0,0,,0.885,0,3,,0.8835,0.0
elizabeth-city--north-carolina--united-states,2026-08-10,36110,36110,0.776,0.823,0.865,0.891,0.909,16.9371,0.2132,157,0,0,0.853,0.87,0.885,36110,0,0.0,,0.865,0,157,,0.87,0,0,,0.865,0,157,,0.87,0.0
ellensburg--washington--united-states,2026-08-10,8407,8407,0.785,0.818,0.853,0.889,0.909,16.2959,0.0,23,0,0,0.8207,0.842,0.861,8407,0,0.0,,0.853,0,23,,0.842,0,0,,0.853,0,23,,0.842,0.0
ellsworth--maine--united-states,2026-08-10,11061,11061,0.783,0.801,0.823,0.845,0.86,0.0542,0.0,8,0,0,0.8147,0.8282,0.844,11061,0,0.0,,0.823,0,8,,0.8282,11061,1,0.823,,8,0,0.8282,,100.0
eloy--arizona--united-states,2026-08-10,6046,6046,0.771,0.786,0.801,0.818,0.866,0.8435,0.1323,6,0,0,0.7983,0.8362,0.8881,6046,0,0.0,,0.801,0,6,,0.8362,0,0,,0.801,0,6,,0.8362,0.0
emmitsburg--maryland--united-states,2026-08-10,364,364,0.7893,0.813,0.835,0.849,0.86,0.0,0.0,1,0,0,0.835,0.835,0.835,364,0,0.0,,0.835,0,1,,0.835,364,1,0.835,,1,0,0.835,,100.0
englewood--colorado--united-states,2026-08-11,27048,27048,0.864,0.878,0.892,0.905,0.916,34.3427,0.0629,1146,0,0,0.8705,0.887,0.903,27048,0,0.0,,0.892,0,1146,,0.887,9860,1,0.894,0.891,1033,113,0.887,0.892,36.4537
ermelo--mpumalanga--south-africa,2026-08-11,110733,110733,0.776,0.817,0.847,0.868,0.883,2.0166,0.9853,909,0,0,0.8165,0.848,0.862,110733,0,0.0,,0.847,0,909,,0.848,0,0,,0.847,0,909,,0.848,0.0
evansville--indiana--united-states,2026-08-11,13029,13029,0.78,0.807,0.83,0.848,0.862,0.0461,0.0,71,0,0,0.815,0.827,0.834,13029,0,0.0,,0.83,0,71,,0.827,13029,3,0.83,,71,0,0.827,,100.0
everett--massachusetts--united-states,2026-08-11,13952,13952,0.191,0.82,0.877,0.902,0.9189,27.3438,19.6029,870,0,0,0.864,0.8842,0.9039,13952,0,0.0,,0.877,0,870,,0.8842,13760,3,0.878,0.849,867,3,0.8845,0.847,98.6239
everett--washington--united-states,2026-08-11,179793,179793,0.769,0.804,0.842,0.873,0.893,5.7121,0.6174,2261,0,0,0.838,0.864,0.881,179793,24,0.0133,0.082,0.842,1,2260,0.082,0.864,72016,2,0.814,0.862,82,2179,0.8115,0.865,40.055
fairbanks--alaska--united-states,2026-08-11,25947,25947,0.809,0.826,0.845,0.861,0.875,1.1639,0.0039,145,0,0,0.826,0.842,0.856,25947,0,0.0,,0.845,0,145,,0.842,0,0,,0.845,0,145,,0.842,0.0
falls-church--virginia--united-states,2026-08-11,5530,5530,0.794,0.8232,0.85,0.872,0.892,5.5335,0.0181,11,0,0,0.8415,0.846,0.8808,5530,0,0.0,,0.85,0,11,,0.846,548,1,0.842,0.851,2,9,0.8425,0.859,9.9096
fargo--north-dakota--united-states,2026-08-11,84123,84123,0.786,0.812,0.844,0.888,0.914,16.9205,0.0594,246,0,0,0.8071,0.822,0.8468,84123,262,0.3114,0.825,0.844,10,236,0.803,0.823,0,0,,0.844,0,246,,0.822,0.0
farragut--tennessee--united-states,2026-08-11,31784,31784,0.752,0.789,0.83,0.854,0.869,0.0063,0.1573,75,0,0,0.782,0.821,0.852,31784,0,0.0,,0.83,0,75,,0.821,30282,1,0.829,0.845,72,3,0.818,0.85,95.2744
fayetteville--arkansas--united-states,2026-08-11,7700,7700,0.777,0.801,0.83,0.856,0.885,4.8571,0.5974,1109,0,0,0.802,0.829,0.848,7700,12,0.1558,0.7995,0.83,1,1108,0.7995,0.829,6406,1,0.822,0.885,1103,6,0.828,0.8858,83.1948
fenwick--connecticut--united-states,2026-08-11,136,136,0.81,0.833,0.8645,0.885,0.896,7.3529,0.0,3,0,0,0.844,0.864,0.8745,136,0,0.0,,0.8645,0,3,,0.864,0,0,,0.8645,0,3,,0.864,0.0
fillmore--utah--united-states,2026-08-12,109,109,0.8458,0.853,0.859,0.863,0.87,0.0,0.0,2,0,0,0.8598,0.8605,0.8612,109,0,0.0,,0.859,0,2,,0.8605,0,0,,0.859,0,2,,0.8605,0.0
finger--tennessee--united-states,2026-08-12,1639,1639,0.783,0.811,0.839,0.868,0.897,7.6876,0.0,2,0,0,0.8475,0.864,0.8805,1639,0,0.0,,0.839,0,2,,0.864,1639,1,0.839,,2,0,0.864,,100.0
firth--idaho--united-states,2026-08-12,551,551,0.757,0.796,0.815,0.83,0.841,0.0,0.0,1,0,0,0.815,0.815,0.815,551,0,0.0,,0.815,0,1,,0.815,551,1,0.815,,1,0,0.815,,100.0
fitchburg--massachusetts--united-states,2026-08-12,613,613,0.763,0.779,0.804,0.826,0.841,0.0,0.0,2,0,0,0.8039,0.8088,0.8136,613,0,0.0,,0.804,0,2,,0.8088,0,0,,0.804,0,2,,0.8088,0.0
flagstaff--arizona--united-states,2026-08-12,16948,16948,0.785,0.817,0.849,0.887,0.931,20.3328,0.0531,21,0,0,0.839,0.85,0.8575,16948,79,0.4661,0.697,0.849,2,19,0.6887,0.85,1553,1,0.88,0.844,2,19,0.868,0.843,9.1633
flint--michigan--united-states,2026-08-12,333157,333157,0.79,0.815,0.841,0.863,0.88,1.5617,0.0207,5984,0,0,0.823,0.842,0.86,333157,73,0.0219,0.688,0.841,2,5982,0.728,0.842,1166,1,0.831,0.841,3,5981,0.831,0.842,0.35
fort-wayne--indiana--united-states,2026-08-12,27709,27709,0.744,0.802,0.84,0.868,0.887,3.9915,0.1083,44,0,0,0.799,0.838,0.8542,27709,7,0.0253,0.852,0.84,1,43,0.852,0.838,0,0,,0.84,0,44,,0.838,0.0
fort-white--florida--united-states,2026-08-12,2,2,0.7319,0.7362,0.7435,0.7508,0.7551,0.0,0.0,1,0,0,0.7435,0.7435,0.7435,2,0,0.0,,0.7435,0,1,,0.7435,0,0,,0.7435,0,1,,0.7435,0.0
foxfield--colorado--united-states,2026-08-12,682,682,0.887,0.9,0.909,0.915,0.9209,75.0733,0.0,11,0,0,0.892,0.903,0.91,682,0,0.0,,0.909,0,11,,0.903,0,0,,0.909,0,11,,0.903,0.0
framingham--massachusetts--united-states,2026-08-17,73173,73173,0.766,0.8,0.834,0.863,0.885,4.1873,0.0506,127,0,0,0.8172,0.839,0.8555,73173,0,0.0,,0.834,0,127,,0.839,38,1,0.865,0.834,1,126,0.865,0.8385,0.0519
frankfort--kentucky--united-states,2026-08-17,62,62,0.6892,0.7095,0.727,0.7792,0.7989,0.0,0.0,2,0,0,0.7391,0.7528,0.7664,62,0,0.0,,0.727,0,2,,0.7528,0,0,,0.727,0,2,,0.7528,0.0
frederick--maryland--united-states,2026-08-17,11465,11465,0.76,0.788,0.814,0.843,0.866,0.5408,1.0641,21,0,0,0.797,0.812,0.855,11465,0,0.0,,0.814,0,21,,0.812,145,1,0.877,0.813,2,19,0.8675,0.811,1.2647
fresno--california--united-states,2026-08-17,1606400,1606400,0.855,0.883,0.902,0.916,0.925,53.3664,0.3598,3331,0,0,0.885,0.903,0.915,1606400,300,0.0187,0.819,0.902,3,3328,0.8175,0.903,105219,2,0.845,0.904,296,3035,0.8538,0.905,6.55
gainesville--florida--united-states,2026-08-17,1239,1239,0.8238,0.859,0.883,0.901,0.915,26.2308,0.0,5,0,0,0.8555,0.884,0.9,1239,0,0.0,,0.883,0,5,,0.884,0,0,,0.883,0,5,,0.884,0.0
gainesville--georgia--united-states,2026-08-17,1,1,0.727,0.727,0.727,0.727,0.727,0.0,0.0,1,0,0,0.727,0.727,0.727,1,0,0.0,,0.727,0,1,,0.727,0,0,,0.727,0,1,,0.727,0.0
garland--texas--united-states,2026-08-17,8502,8502,0.729,0.771,0.812,0.845,0.864,0.5528,0.0823,36,0,0,0.7863,0.812,0.8332,8502,0,0.0,,0.812,0,36,,0.812,7337,2,0.819,0.789,31,5,0.817,0.791,86.2973
garland--utah--united-states,2026-08-17,2983,2983,0.8242,0.848,0.867,0.883,0.896,7.5763,0.0,12,0,0,0.8505,0.863,0.8735,2983,0,0.0,,0.867,0,12,,0.863,0,0,,0.867,0,12,,0.863,0.0
gary--indiana--united-states,2026-08-17,32572,32572,0.788,0.835,0.876,0.901,0.914,26.4184,0.3653,25,0,0,0.86,0.882,0.899,32572,213,0.6539,0.705,0.876,1,24,0.705,0.8835,4576,1,0.827,0.884,2,23,0.8275,0.885,14.0489
girona--catalonia--spain,2026-08-17,224,224,0.1583,0.2213,0.3065,0.5628,0.6847,0.0,76.3393,3,0,0,0.4062,0.507,0.5905,224,224,100.0,0.3065,,3,0,0.507,,0,0,,0.3065,0,3,,0.507,0.0
glendale--colorado--united-states,2026-08-17,3082,3082,0.857,0.875,0.89,0.904,0.914,30.7268,0.0,27,0,0,0.88,0.893,0.8968,3082,0,0.0,,0.89,0,27,,0.893,746,1,0.889,0.891,5,22,0.893,0.892,24.2051
glendale-heights--illinois--united-states,2026-08-12,2157,2157,0.855,0.872,0.889,0.902,0.911,29.1145,0.0,5,0,0,0.891,0.894,0.899,2157,0,0.0,,0.889,0,5,,0.894,0,0,,0.889,0,5,,0.894,0.0
glendora--california--united-states,2026-08-12,6142,6142,0.708,0.875,0.916,0.931,0.938,66.0371,1.6933,9,0,0,0.705,0.719,0.9125,6142,1128,18.3654,0.703,0.923,5,4,0.705,0.9178,5014,1,0.923,0.703,4,5,0.9178,0.705,81.6346
goiânia--goiás--brazil,2026-08-05,17260,17260,0.782,0.817,0.854,0.895,0.922,22.8447,0.0174,118,0,0,0.8136,0.84,0.8891,17260,21,0.1217,0.753,0.854,1,117,0.753,0.841,0,0,,0.854,0,118,,0.84,0.0
granada--andalusia--spain,2026-08-13,2154,2154,0.799,0.835,0.864,0.888,0.9027,12.0706,1.4856,18,0,0,0.8199,0.8555,0.8741,2154,104,4.8282,0.7435,0.866,4,14,0.7245,0.862,0,0,,0.864,0,18,,0.8555,0.0
grand-marais--minnesota--united-states,2026-08-12,4949,4949,0.858,0.875,0.893,0.907,0.917,38.3916,0.0,15,0,0,0.875,0.885,0.896,4949,0,0.0,,0.893,0,15,,0.885,0,0,,0.893,0,15,,0.885,0.0
grand-rapids--minnesota--united-states,2026-08-12,3671,3671,0.75,0.773,0.858,0.888,0.921,17.2977,0.0,9,0,0,0.867,0.874,0.881,3671,0,0.0,,0.858,0,9,,0.874,1510,1,0.767,0.883,2,7,0.7645,0.879,41.1332
greenville--mississippi--united-states,2026-08-13,3944,3944,0.575,0.621,0.667,0.71,0.745,0.0,16.6836,6,0,0,0.6475,0.6885,0.7055,3944,0,0.0,,0.667,0,6,,0.6885,0,0,,0.667,0,6,,0.6885,0.0
griswold--connecticut--united-states,2026-08-13,74811,74811,0.687,0.743,0.806,0.86,0.887,4.4445,0.8675,443,0,0,0.75,0.817,0.866,74811,0,0.0,,0.806,0,443,,0.817,388,1,0.836,0.806,7,436,0.841,0.815,0.5186
groton--connecticut--united-states,2026-08-13,115703,115703,0.735,0.783,0.818,0.857,0.888,5.3897,3.897,810,0,0,0.793,0.8222,0.861,115703,0,0.0,,0.818,0,810,,0.8222,1679,1,0.874,0.817,12,798,0.8785,0.822,1.4511
hagerstown--maryland--united-states,2026-08-12,2937,2937,0.822,0.837,0.85,0.861,0.873,0.9534,0.0,11,0,0,0.835,0.844,0.862,2937,0,0.0,,0.85,0,11,,0.844,2937,1,0.85,,11,0,0.844,,100.0
haifa--haifa-district--israel,2026-08-12,104092,104092,0.816,0.849,0.877,0.898,0.913,23.8356,0.1527,311,0,0,0.854,0.8765,0.889,104092,14,0.0134,0.249,0.877,4,307,0.3728,0.877,11,1,0.792,0.877,1,310,0.792,0.8768,0.0106
hallowell--maine--united-states,2026-08-12,25467,25467,0.7696,0.819,0.848,0.869,0.885,2.8429,0.3338,179,0,0,0.8362,0.854,0.8695,25467,17,0.0668,0.682,0.848,1,178,0.682,0.854,9814,1,0.854,0.843,70,109,0.86,0.849,38.5361
hamilton--iowa--united-states,2026-08-12,60,60,0.7349,0.739,0.744,0.75,0.7561,0.0,0.0,1,0,0,0.744,0.744,0.744,60,0,0.0,,0.744,0,1,,0.744,0,0,,0.744,0,1,,0.744,0.0
hamilton--washington--united-states,2026-08-12,732,732,0.6111,0.682,0.774,0.793,0.811,0.0,8.4699,6,0,0,0.7688,0.784,0.7895,732,0,0.0,,0.774,0,6,,0.784,0,0,,0.774,0,6,,0.784,0.0
hammond--indiana--united-states,2026-08-12,1995,1995,0.786,0.799,0.81,0.822,0.835,0.0,0.4511,4,0,0,0.829,0.839,0.844,1995,0,0.0,,0.81,0,4,,0.839,1834,1,0.808,0.846,2,2,0.822,0.846,91.9298
hampstead--maryland--united-states,2026-08-12,28,28,0.8087,0.8247,0.8475,0.8695,0.8814,0.0,0.0,1,0,0,0.8475,0.8475,0.8475,28,0,0.0,,0.8475,0,1,,0.8475,28,1,0.8475,,1,0,0.8475,,100.0
hamtramck--michigan--united-states,2026-08-12,300997,300997,0.855,0.878,0.897,0.914,0.926,46.9171,0.2794,1540,0,0,0.882,0.896,0.908,300997,0,0.0,,0.897,0,1540,,0.896,139153,1,0.899,0.897,547,993,0.8955,0.896,46.2307
hardin--montana--united-states,2026-08-12,1039,1039,0.8618,0.868,0.874,0.88,0.888,0.0962,0.0,4,0,0,0.8735,0.875,0.875,1039,0,0.0,,0.874,0,4,,0.875,810,1,0.873,0.875,3,1,0.875,0.875,77.9596
harper-woods--michigan--united-states,2026-08-12,192846,192846,0.856,0.877,0.895,0.908,0.918,40.7066,0.0057,1020,0,0,0.882,0.895,0.905,192846,0,0.0,,0.895,0,1020,,0.895,71653,1,0.895,0.895,294,726,0.893,0.896,37.1556
harpers-ferry--west-virginia--united-states,2026-08-12,275,275,0.75,0.768,0.792,0.8185,0.8396,0.0,1.0909,5,0,0,0.7775,0.795,0.795,275,19,6.9091,0.75,0.7935,1,4,0.75,0.795,0,0,,0.792,0,5,,0.795,0.0
harrisburg--pennsylvania--united-states,2026-08-12,3441,3441,0.569,0.695,0.837,0.868,0.886,0.959,14.1238,11,0,0,0.662,0.8325,0.8515,3441,0,0.0,,0.837,0,11,,0.8325,0,0,,0.837,0,11,,0.8325,0.0
hartford--connecticut--united-states,2026-08-12,193255,193255,0.756,0.812,0.854,0.885,0.906,13.9976,2.8863,1697,0,0,0.814,0.8505,0.879,193255,2850,1.4747,0.824,0.855,14,1683,0.8357,0.851,13743,2,0.881,0.852,200,1497,0.8835,0.846,7.1113
healdsburg--california--united-states,2026-08-12,8382,8382,0.771,0.8,0.843,0.882,0.897,7.8621,0.0835,39,0,0,0.8155,0.832,0.8758,8382,0,0.0,,0.843,0,39,,0.832,0,0,,0.843,0,39,,0.832,0.0
henlopen-acres--delaware--united-states,2026-08-12,2644,2644,0.791,0.817,0.846,0.879,0.902,11.3464,0.0,13,0,0,0.828,0.876,0.888,2644,0,0.0,,0.846,0,13,,0.876,0,0,,0.846,0,13,,0.876,0.0
heritage-creek--kentucky--united-states,2026-08-18,2,2,0.821,0.821,0.821,0.821,0.821,0.0,0.0,1,0,0,0.821,0.821,0.821,2,0,0.0,,0.821,0,1,,0.821,2,1,0.821,,1,0,0.821,,100.0
hickory-flat--mississippi--united-states,2026-08-18,1729,1729,0.823,0.848,0.863,0.874,0.883,0.694,0.0,7,0,0,0.854,0.854,0.864,1729,0,0.0,,0.863,0,7,,0.854,1636,1,0.863,0.854,5,2,0.858,0.854,94.6212
ho-chi-minh-city--vietnam,2026-08-18,3686955,3686955,0.778,0.81,0.84,0.865,0.884,3.2984,0.7017,5480,0,0,0.822,0.838,0.853,3686955,1205,0.0327,0.819,0.84,57,5423,0.575,0.838,3676436,1,0.84,0.818,5382,98,0.838,0.5625,99.7147
holbrook--arizona--united-states,2026-08-18,2967,2967,0.889,0.899,0.913,0.924,0.93,74.5534,0.0,4,0,0,0.8998,0.907,0.9153,2967,0,0.0,,0.913,0,4,,0.907,2967,1,0.913,,4,0,0.907,,100.0
holly-ridge--north-carolina--united-states,2026-08-18,2150,2150,0.852,0.88,0.906,0.92,0.927,57.5349,0.0,6,0,0,0.9008,0.908,0.9175,2150,0,0.0,,0.906,0,6,,0.908,0,0,,0.906,0,6,,0.908,0.0
holyoke--massachusetts--united-states,2026-08-18,489,489,0.654,0.794,0.844,0.872,0.8822,2.454,0.0,6,0,0,0.82,0.854,0.8704,489,0,0.0,,0.844,0,6,,0.854,464,1,0.843,0.847,5,1,0.861,0.847,94.8875
homer--alaska--united-states,2026-08-18,2107,2107,0.806,0.821,0.836,0.851,0.862,0.0,0.0,36,0,0,0.8237,0.838,0.852,2107,0,0.0,,0.836,0,36,,0.838,0,0,,0.836,0,36,,0.838,0.0
honolulu--hawaii--united-states,2026-08-18,221909,221909,0.743,0.796,0.833,0.861,0.888,6.6068,0.7697,388,0,0,0.8048,0.833,0.857,221909,533,0.2402,0.807,0.833,14,374,0.7898,0.834,221376,1,0.833,0.807,374,14,0.834,0.7898,99.7598
hopkinsville--kentucky--united-states,2026-08-19,189,189,0.718,0.726,0.74,0.751,0.7626,0.0,0.0,2,0,0,0.7225,0.729,0.7355,189,0,0.0,,0.74,0,2,,0.729,0,0,,0.74,0,2,,0.729,0.0
horace--north-dakota--united-states,2026-08-19,1153,1153,0.814,0.833,0.87,0.886,0.9,10.4076,0.0,6,0,0,0.8396,0.8682,0.8838,1153,0,0.0,,0.87,0,6,,0.8682,0,0,,0.87,0,6,,0.8682,0.0
houston--texas--united-states,2026-08-19,2427480,2427480,0.749,0.78,0.813,0.842,0.863,0.4259,0.2138,29834,0,0,0.785,0.8135,0.8395,2427480,8269,0.3406,0.762,0.813,98,29736,0.785,0.8135,0,0,,0.813,0,29834,,0.8135,0.0
hueytown--alabama--united-states,2026-08-19,542,542,0.71,0.729,0.784,0.814,0.83,0.0,0.1845,4,0,0,0.7715,0.8005,0.8152,542,0,0.0,,0.784,0,4,,0.8005,0,0,,0.784,0,4,,0.8005,0.0
huntington--west-virginia--united-states,2026-08-19,693,693,0.493,0.581,0.64,0.688,0.709,0.0,30.8802,4,0,0,0.639,0.6643,0.6675,693,0,0.0,,0.64,0,4,,0.6643,0,0,,0.64,0,4,,0.6643,0.0
huntley--illinois--united-states,2026-08-19,1479,1479,0.882,0.896,0.908,0.919,0.928,68.0189,0.2028,3,0,0,0.8588,0.861,0.885,1479,0,0.0,,0.908,0,3,,0.861,0,0,,0.908,0,3,,0.861,0.0
hurt--virginia--united-states,2026-08-20,15,15,0.8188,0.832,0.847,0.864,0.888,0.0,0.0,1,0,0,0.847,0.847,0.847,15,0,0.0,,0.847,0,1,,0.847,15,1,0.847,,1,0,0.847,,100.0
hyrum--utah--united-states,2026-08-20,659,659,0.829,0.837,0.849,0.867,0.878,0.1517,0.0,7,0,0,0.851,0.867,0.871,659,0,0.0,,0.849,0,7,,0.867,0,0,,0.849,0,7,,0.867,0.0
hà-nội--vietnam,2026-08-20,1294084,1294084,0.715,0.763,0.802,0.836,0.863,1.2212,3.3936,2444,0,0,0.767,0.8025,0.826,1294084,34,0.0026,0.815,0.802,5,2439,0.73,0.803,1223098,1,0.802,0.805,2281,163,0.801,0.827,94.5146
indianapolis--indiana--united-states,2026-08-20,76672,76672,0.752,0.808,0.852,0.881,0.898,9.0894,0.39,1508,0,0,0.868,0.885,0.896,76672,1,0.0013,0.703,0.852,1,1507,0.703,0.885,3277,1,0.824,0.853,3,1505,0.822,0.885,4.2741
interlaken--new-jersey--united-states,2026-08-20,2224,2224,0.746,0.7658,0.787,0.807,0.823,0.0,0.0,2,0,0,0.7866,0.7873,0.7879,2224,0,0.0,,0.787,0,2,,0.7873,0,0,,0.787,0,2,,0.7873,0.0
international-falls--minnesota--united-states,2026-08-20,1849,1849,0.771,0.794,0.812,0.829,0.8422,0.0541,0.0,14,0,0,0.802,0.8227,0.8325,1849,106,5.7328,0.831,0.812,6,8,0.832,0.816,0,0,,0.812,0,14,,0.8227,0.0
istanbul--marmara-region--turkey,2026-08-20,253380,253380,0.833,0.866,0.887,0.903,0.915,30.6102,1.4666,685,0,0,0.876,0.888,0.897,253380,1817,0.7171,0.735,0.888,10,675,0.698,0.8885,225565,3,0.888,0.884,608,77,0.8885,0.885,89.0224
ithaca--michigan--united-states,2026-08-20,370,370,0.816,0.822,0.829,0.837,0.843,0.0,0.0,1,0,0,0.829,0.829,0.829,370,0,0.0,,0.829,0,1,,0.829,0,0,,0.829,0,1,,0.829,0.0
jeffersonville--kentucky--united-states,2026-08-12,2,2,0.824,0.824,0.824,0.824,0.824,0.0,0.0,2,0,0,0.824,0.824,0.824,2,0,0.0,,0.824,0,2,,0.824,2,2,0.824,,2,0,0.824,,100.0
kalama--washington--united-states,2026-08-12,282,282,0.846,0.866,0.881,0.891,0.898,7.8014,0.0,4,0,0,0.8719,0.8728,0.8765,282,0,0.0,,0.881,0,4,,0.8728,0,0,,0.881,0,4,,0.8728,0.0
kalamazoo--michigan--united-states,2026-08-13,9446,9446,0.691,0.754,0.814,0.872,0.889,4.097,1.1645,14,0,0,0.727,0.8085,0.8545,9446,0,0.0,,0.814,0,14,,0.8085,0,0,,0.814,0,14,,0.8085,0.0
kearns--utah--united-states,2026-08-12,67504,67504,0.886,0.904,0.918,0.929,0.938,80.2249,0.0148,86,0,0,0.9106,0.917,0.921,67504,0,0.0,,0.918,0,86,,0.917,0,0,,0.918,0,86,,0.917,0.0
kelleys-island--ohio--united-states,2026-08-12,17,17,0.8198,0.821,0.833,0.843,0.848,0.0,0.0,1,0,0,0.833,0.833,0.833,17,17,100.0,0.833,,1,0,0.833,,0,0,,0.833,0,1,,0.833,0.0
kelso--washington--united-states,2026-08-12,200,200,0.6234,0.6648,0.706,0.7385,0.7693,0.0,5.5,1,0,0,0.706,0.706,0.706,200,0,0.0,,0.706,0,1,,0.706,0,0,,0.706,0,1,,0.706,0.0
kennewick--washington--united-states,2026-08-12,10965,10965,0.777,0.811,0.858,0.881,0.899,9.4026,0.0,25,0,0,0.854,0.868,0.8735,10965,0,0.0,,0.858,0,25,,0.868,0,0,,0.858,0,25,,0.868,0.0
kenton-county--kentucky--united-states,2026-08-23,95790,95790,0.809,0.842,0.871,0.895,0.91,19.4916,0.0021,392,0,0,0.8474,0.876,0.895,95790,0,0.0,,0.871,0,392,,0.876,70113,2,0.88,0.854,303,89,0.885,0.854,73.1945
ketchikan--alaska--united-states,2026-08-12,10929,10929,0.755,0.781,0.808,0.833,0.854,0.3568,0.3385,25,0,0,0.782,0.799,0.828,10929,1,0.0091,0.542,0.808,1,24,0.542,0.799,0,0,,0.808,0,25,,0.799,0.0
keyport--new-jersey--united-states,2026-08-12,8,8,0.7674,0.7718,0.7745,0.7945,0.8065,0.0,0.0,1,0,0,0.7745,0.7745,0.7745,8,0,0.0,,0.7745,0,1,,0.7745,0,0,,0.7745,0,1,,0.7745,0.0
keystone--south-dakota--united-states,2026-08-12,1656,1656,0.7685,0.798,0.824,0.847,0.873,1.7512,0.0,5,0,0,0.817,0.825,0.841,1656,0,0.0,,0.824,0,5,,0.825,215,1,0.779,0.829,1,4,0.779,0.833,12.9831
kildeer--illinois--united-states,2026-08-23,86,86,0.6585,0.691,0.714,0.728,0.742,0.0,0.0,1,0,0,0.714,0.714,0.714,86,86,100.0,0.714,,1,0,0.714,,0,0,,0.714,0,1,,0.714,0.0
killingly--connecticut--united-states,2026-08-23,113775,113775,0.602,0.736,0.815,0.852,0.877,1.9714,9.6981,718,0,0,0.766,0.822,0.853,113775,1,0.0009,0.129,0.815,1,717,0.129,0.822,2486,1,0.8175,0.814,16,702,0.794,0.823,2.185
kilmichael--mississippi--united-states,2026-08-23,2685,2685,0.745,0.769,0.794,0.812,0.825,0.0,0.0,4,0,0,0.7925,0.8013,0.806,2685,0,0.0,,0.794,0,4,,0.8013,2685,1,0.794,,4,0,0.8013,,100.0
kirkland--washington--united-states,2026-08-23,14276,14276,0.68,0.782,0.851,0.882,0.905,12.7627,4.9734,52,0,0,0.7784,0.8337,0.8681,14276,84,0.5884,0.7985,0.851,1,51,0.7985,0.836,335,1,0.881,0.85,5,47,0.884,0.815,2.3466
klagenfurt-am-woerthersee--carinthia--austria,2026-08-23,3727,3727,0.657,0.7155,0.77,0.812,0.8434,0.3756,2.2807,44,0,0,0.7452,0.774,0.8045,3727,1366,36.6515,0.742,0.782,12,32,0.745,0.7868,534,1,0.752,0.772,13,31,0.775,0.772,14.3279
kodiak--alaska--united-states,2026-08-23,11286,11286,0.759,0.805,0.843,0.866,0.881,1.4531,0.0,18,0,0,0.7833,0.8473,0.8548,11286,0,0.0,,0.843,0,18,,0.8473,0,0,,0.843,0,18,,0.8473,0.0
krotz-springs--louisiana--united-states,2026-08-23,369,369,0.5454,0.76,0.802,0.819,0.832,0.0,17.0732,6,0,0,0.7485,0.7795,0.8105,369,0,0.0,,0.802,0,6,,0.7795,369,1,0.802,,6,0,0.7795,,100.0
kyiv--ukraine,2026-08-24,271585,271585,0.75,0.797,0.836,0.867,0.889,4.7271,0.6429,4206,0,0,0.76,0.796,0.845,271585,60742,22.3657,0.805,0.842,1593,2613,0.792,0.798,37,1,0.781,0.836,1,4205,0.781,0.796,0.0136
lagos--lagos-state--nigeria,2026-08-24,34045,34045,0.759,0.786,0.812,0.836,0.855,1.3247,0.1292,240,0,0,0.794,0.8135,0.83,34045,7169,21.0574,0.801,0.815,36,204,0.8023,0.8157,7897,4,0.805,0.814,41,199,0.804,0.815,23.1958
lake-havasu-city--arizona--united-states,2026-08-24,2647,2647,0.806,0.83,0.854,0.888,0.912,18.3982,1.0956,9,0,0,0.838,0.875,0.908,2647,0,0.0,,0.854,0,9,,0.875,2229,1,0.846,0.913,6,3,0.8535,0.912,84.2085
lakewood--california--united-states,2026-08-24,39033,39033,0.777,0.804,0.84,0.884,0.905,14.767,0.0436,163,0,0,0.8025,0.834,0.853,39033,3,0.0077,0.156,0.84,1,162,0.156,0.8345,0,0,,0.84,0,163,,0.834,0.0
lakewood--colorado--united-states,2026-08-24,75487,75487,0.839,0.862,0.88,0.895,0.906,16.9963,0.0225,1725,0,0,0.865,0.875,0.886,75487,0,0.0,,0.88,0,1725,,0.875,11242,3,0.889,0.878,844,881,0.87,0.882,14.8926
lambertville--new-jersey--united-states,2026-08-24,10,10,0.7819,0.8015,0.8195,0.8347,0.8424,0.0,0.0,1,0,0,0.8195,0.8195,0.8195,10,10,100.0,0.8195,,1,0,0.8195,,0,0,,0.8195,0,1,,0.8195,0.0
lansing--michigan--united-states,2026-08-24,309221,309221,0.748,0.786,0.818,0.848,0.871,0.7477,0.5038,298,0,0,0.7961,0.8185,0.845,309221,1,0.0003,0.513,0.818,1,297,0.513,0.819,0,0,,0.818,0,298,,0.8185,0.0
las-vegas--nevada--united-states,2026-08-25,18852,18852,0.699,0.743,0.793,0.851,0.879,3.3047,1.3049,59,0,0,0.7488,0.833,0.8733,18852,616,3.2676,0.814,0.792,12,47,0.721,0.86,0,0,,0.793,0,59,,0.833,0.0
laurens--iowa--united-states,2026-08-25,5709,5709,0.811,0.837,0.864,0.883,0.896,7.4269,0.035,19,0,0,0.856,0.8645,0.8735,5709,0,0.0,,0.864,0,19,,0.8645,0,0,,0.864,0,19,,0.8645,0.0
lawrence--kansas--united-states,2026-08-25,20408,20408,0.659,0.783,0.81,0.831,0.85,0.3136,8.4624,37,0,0,0.806,0.821,0.84,20408,0,0.0,,0.81,0,37,,0.821,18055,1,0.807,0.841,17,20,0.811,0.837,88.4702
lawton--oklahoma--united-states,2026-08-25,14564,14564,0.829,0.859,0.882,0.902,0.914,28.0005,0.0687,34,0,0,0.8202,0.8775,0.9028,14564,0,0.0,,0.882,0,34,,0.8775,1397,1,0.811,0.885,10,24,0.81,0.8905,9.5921
leavenworth--washington--united-states,2026-08-25,4,4,0.7149,0.7298,0.755,0.7722,0.7727,0.0,0.0,4,0,0,0.7298,0.755,0.7722,4,4,100.0,0.755,,4,0,0.755,,0,0,,0.755,0,4,,0.755,0.0
levan--utah--united-states,2026-08-26,194,194,0.089,0.103,0.113,0.133,0.1697,0.0,100.0,1,0,0,0.113,0.113,0.113,194,0,0.0,,0.113,0,1,,0.113,0,0,,0.113,0,1,,0.113,0.0
lewiston--maine--united-states,2026-08-26,3625,3625,0.771,0.795,0.82,0.854,0.885,3.5586,0.0,5,0,0,0.8125,0.824,0.887,3625,0,0.0,,0.82,0,5,,0.824,0,0,,0.82,0,5,,0.824,0.0
lexington--minnesota--united-states,2026-08-26,558,558,0.7094,0.734,0.774,0.8078,0.827,0.0,0.3584,15,0,0,0.7585,0.7795,0.8055,558,486,87.0968,0.765,0.8105,8,7,0.7585,0.8055,0,0,,0.774,0,15,,0.7795,0.0
liberia--liberia--costa-rica,2026-08-26,11715,11715,0.757,0.807,0.84,0.86,0.875,0.8878,1.8353,36,0,0,0.79,0.837,0.8552,11715,0,0.0,,0.84,0,36,,0.837,0,0,,0.84,0,36,,0.837,0.0
lima--peru,2026-08-26,557586,557586,0.806,0.837,0.863,0.885,0.9,10.6531,0.8727,1614,0,0,0.843,0.862,0.8788,557586,1014,0.1819,0.1545,0.863,6,1608,0.3265,0.862,916,1,0.7485,0.863,5,1609,0.827,0.862,0.1643
lincoln--nebraska--united-states,2026-08-26,167757,167757,0.76,0.795,0.828,0.855,0.876,1.6566,1.9272,166,0,0,0.8115,0.8415,0.8618,167757,0,0.0,,0.828,0,166,,0.8415,155065,1,0.829,0.799,114,52,0.8375,0.8535,92.4343
lisbon--lisbon--portugal,2026-08-26,80755,80755,0.729,0.789,0.833,0.862,0.882,2.302,2.3974,263,0,0,0.8058,0.829,0.851,80755,6718,8.319,0.821,0.833,30,233,0.816,0.83,35892,4,0.828,0.835,134,129,0.828,0.831,44.4455
litchfield--connecticut--united-states,2026-08-26,87532,87532,0.74,0.787,0.831,0.868,0.894,6.9449,0.5758,530,0,0,0.7823,0.818,0.8495,87532,0,0.0,,0.831,0,530,,0.818,1008,1,0.874,0.83,2,528,0.894,0.818,1.1516
little-rock--arkansas--united-states,2026-08-27,36929,36929,0.779,0.81,0.838,0.863,0.887,5.4023,0.0623,50,0,0,0.823,0.8432,0.8608,36929,0,0.0,,0.838,0,50,,0.8432,14658,1,0.824,0.849,12,38,0.8195,0.8535,39.6924
london--england--united-kingdom,2026-08-27,261318,261318,0.734,0.8,0.853,0.888,0.907,15.3736,2.986,1308,0,0,0.7888,0.861,0.889,261318,33398,12.7806,0.798,0.858,373,935,0.72,0.876,32460,4,0.889,0.847,443,865,0.894,0.82,12.4216
lone-tree--colorado--united-states,2026-08-27,15777,15777,0.721,0.764,0.869,0.889,0.903,13.2154,0.3042,65,0,0,0.856,0.88,0.89,15777,0,0.0,,0.869,0,65,,0.88,0,0,,0.869,0,65,,0.88,0.0
longview--washington--united-states,2026-08-27,3318,3318,0.786,0.846,0.871,0.889,0.903,13.7734,0.9946,4,0,0,0.6693,0.677,0.7303,3318,0,0.0,,0.871,0,4,,0.677,0,0,,0.871,0,4,,0.677,0.0
los-angeles--california--united-states,2026-08-28,1270403,1270403,0.739,0.815,0.859,0.89,0.909,16.6814,3.3761,4882,0,0,0.814,0.849,0.873,1270403,103668,8.1602,0.701,0.864,588,4294,0.7055,0.854,307850,4,0.848,0.864,2641,2241,0.847,0.853,24.2325
louisville--kentucky--united-states,2026-08-28,27794,27794,0.745,0.789,0.838,0.881,0.899,9.5056,0.2159,377,0,0,0.742,0.778,0.812,27794,1,0.0036,0.836,0.838,1,376,0.836,0.7775,26592,3,0.843,0.771,372,5,0.7775,0.795,95.6753
loxahatchee-groves--florida--united-states,2026-08-28,3219,3219,0.708,0.739,0.771,0.796,0.815,0.0,0.1553,338,0,0,0.7612,0.7825,0.8014,3219,0,0.0,,0.771,0,338,,0.7825,0,0,,0.771,0,338,,0.7825,0.0
ludlow--vermont--united-states,2026-08-13,939,939,0.797,0.812,0.83,0.85,0.867,0.0,0.0,2,0,0,0.8302,0.8305,0.8307,939,0,0.0,,0.83,0,2,,0.8305,0,0,,0.83,0,2,,0.8305,0.0
malden--massachusetts--united-states,2026-08-12,1422,1422,0.6621,0.74,0.8035,0.8548,0.881,3.3052,1.0549,51,0,0,0.8655,0.8925,0.9125,1422,0,0.0,,0.8035,0,51,,0.8925,282,2,0.677,0.817,43,8,0.899,0.807,19.8312
manville--wyoming--united-states,2026-08-12,134,134,0.7943,0.8013,0.807,0.814,0.8227,0.0,0.0,1,0,0,0.807,0.807,0.807,134,0,0.0,,0.807,0,1,,0.807,134,1,0.807,,1,0,0.807,,100.0
marinette--wisconsin--united-states,2026-08-30,4418,4418,0.681,0.7532,0.817,0.855,0.882,2.9651,0.5432,29,0,0,0.7825,0.813,0.83,4418,0,0.0,,0.817,0,29,,0.813,0,0,,0.817,0,29,,0.813,0.0
marriott-slaterville--utah--united-states,2026-08-30,5941,5941,0.222,0.43,0.841,0.88,0.901,11.0587,36.6437,35,0,0,0.8345,0.869,0.8832,5941,0,0.0,,0.841,0,35,,0.869,1485,1,0.862,0.608,15,20,0.8615,0.8805,24.9958
maryville--tennessee--united-states,2026-08-30,2392,2392,0.675,0.741,0.796,0.837,0.866,1.1288,2.7174,16,0,0,0.7838,0.8035,0.8217,2392,0,0.0,,0.796,0,16,,0.8035,0,0,,0.796,0,16,,0.8035,0.0
menifee--arkansas--united-states,2026-08-30,3272,3272,0.855,0.869,0.883,0.901,0.914,27.3227,0.0,3,0,0,0.883,0.885,0.8855,3272,0,0.0,,0.883,0,3,,0.885,0,0,,0.883,0,3,,0.885,0.0
meriden--connecticut--united-states,2026-08-30,146063,146063,0.741,0.792,0.833,0.87,0.896,7.7782,3.2301,963,0,0,0.8,0.833,0.8652,146063,0,0.0,,0.833,0,963,,0.833,8058,1,0.811,0.836,103,860,0.812,0.838,5.5168
meridian--idaho--united-states,2026-08-30,202089,202089,0.742,0.775,0.834,0.901,0.917,25.9628,0.0218,526,0,0,0.784,0.873,0.9029,202089,0,0.0,,0.834,0,526,,0.873,103,1,0.834,0.834,3,523,0.8265,0.873,0.051
mexico-city--mexico,2026-08-30,27998,27998,0.668,0.769,0.806,0.832,0.855,0.4393,4.8111,175,0,0,0.7978,0.816,0.84,27998,4899,17.4977,0.815,0.804,110,65,0.824,0.809,7308,1,0.806,0.806,22,153,0.8083,0.818,26.1019
miami-gardens--florida--united-states,2026-08-30,168551,168551,0.768,0.797,0.823,0.843,0.858,0.038,0.1293,2318,0,0,0.803,0.8245,0.842,168551,0,0.0,,0.823,0,2318,,0.8245,0,0,,0.823,0,2318,,0.8245,0.0
midway--kentucky--united-states,2026-08-31,59,59,0.7818,0.799,0.814,0.8255,0.832,0.0,0.0,1,0,0,0.814,0.814,0.814,59,0,0.0,,0.814,0,1,,0.814,0,0,,0.814,0,1,,0.814,0.0
milford--connecticut--united-states,2026-08-31,131634,131634,0.749,0.788,0.83,0.864,0.887,4.2831,2.0701,1845,0,0,0.803,0.841,0.8655,131634,0,0.0,,0.83,0,1845,,0.841,253,1,0.883,0.83,1,1844,0.883,0.841,0.1922
mill-valley--california--united-states,2026-08-31,1586,1586,0.676,0.713,0.752,0.793,0.818,0.0,1.5132,7,0,0,0.736,0.761,0.7875,1586,0,0.0,,0.752,0,7,,0.761,0,0,,0.752,0,7,,0.761,0.0
milliken--colorado--united-states,2026-08-31,32709,32709,0.8278,0.852,0.879,0.901,0.913,26.5646,0.0,104,0,0,0.854,0.8815,0.8975,32709,0,0.0,,0.879,0,104,,0.8815,3129,1,0.831,0.883,9,95,0.864,0.886,9.5662
mills--wyoming--united-states,2026-08-31,2268,2268,0.801,0.818,0.837,0.858,0.876,2.6896,0.0,7,0,0,0.8302,0.8315,0.854,2268,0,0.0,,0.837,0,7,,0.8315,895,1,0.83,0.847,1,6,0.83,0.8392,39.4621
millwood--washington--united-states,2026-08-31,1685,1685,0.81,0.838,0.862,0.88,0.894,5.2819,0.0,163,0,0,0.837,0.862,0.8752,1685,0,0.0,,0.862,0,163,,0.862,1490,1,0.8595,0.877,161,2,0.862,0.8795,88.4273
milwaukee--wisconsin--united-states,2026-08-31,9914,9914,0.777,0.837,0.873,0.895,0.909,19.4573,0.6657,19,0,0,0.7743,0.84,0.8815,9914,94,0.9482,0.713,0.873,4,15,0.7035,0.856,0,0,,0.873,0,19,,0.84,0.0
minneapolis--minnesota--united-states,2026-08-31,56032,56032,0.727,0.783,0.828,0.863,0.887,4.9722,1.1065,381,0,0,0.792,0.8285,0.857,56032,7096,12.6642,0.809,0.83,245,136,0.834,0.826,2644,3,0.7545,0.83,12,369,0.74,0.83,4.7187
minneiska--minnesota--united-states,2026-08-31,953,953,0.847,0.859,0.871,0.88,0.887,0.2099,0.0,2,0,0,0.8625,0.867,0.8715,953,0,0.0,,0.871,0,2,,0.867,0,0,,0.871,0,2,,0.867,0.0
minot--north-dakota--united-states,2026-08-31,51,51,0.783,0.787,0.794,0.8035,0.82,0.0,0.0,1,0,0,0.794,0.794,0.794,51,0,0.0,,0.794,0,1,,0.794,0,0,,0.794,0,1,,0.794,0.0
monte-sereno--california--united-states,2026-08-31,170,170,0.714,0.739,0.765,0.784,0.8071,0.0,0.5882,3,0,0,0.7617,0.7785,0.7897,170,0,0.0,,0.765,0,3,,0.7785,0,0,,0.765,0,3,,0.7785,0.0
montgomery--alabama--united-states,2026-08-31,3017,3017,0.687,0.752,0.795,0.822,0.842,0.0,0.0663,11,0,0,0.782,0.801,0.81,3017,0,0.0,,0.795,0,11,,0.801,0,0,,0.795,0,11,,0.801,0.0
montpelier--vermont--united-states,2026-09-01,55266,55266,0.797,0.842,0.877,0.898,0.914,23.5534,0.0109,291,0,0,0.864,0.883,0.896,55266,0,0.0,,0.877,0,291,,0.883,27336,2,0.881,0.873,258,33,0.8845,0.878,49.4626
morgantown--west-virginia--united-states,2026-09-01,85182,85182,0.737,0.806,0.849,0.879,0.901,10.8579,3.3223,373,0,0,0.8245,0.854,0.875,85182,0,0.0,,0.849,0,373,,0.854,68538,1,0.858,0.759,313,60,0.859,0.7363,80.4607
morrisville--north-carolina--united-states,2026-09-01,10586,10586,0.656,0.72,0.79,0.859,0.888,3.7691,2.5505,42,0,0,0.7652,0.802,0.8681,10586,0,0.0,,0.79,0,42,,0.802,0,0,,0.79,0,42,,0.802,0.0
moscow--russia,2026-09-01,183002,183002,0.617,0.747,0.81,0.855,0.882,3.4158,9.1955,1911,0,0,0.708,0.788,0.83,183002,60334,32.969,0.782,0.826,1085,826,0.771,0.804,0,0,,0.81,0,1911,,0.788,0.0
mount-dora--florida--united-states,2026-09-01,67,67,0.8014,0.822,0.833,0.844,0.886,0.0,0.0,4,0,0,0.8356,0.8615,0.8868,67,0,0.0,,0.833,0,4,,0.8615,0,0,,0.833,0,4,,0.8615,0.0
mountain-view--arkansas--united-states,2026-09-02,1751,1751,0.817,0.836,0.854,0.869,0.88,0.2856,0.0,1,0,0,0.854,0.854,0.854,1751,0,0.0,,0.854,0,1,,0.854,0,0,,0.854,0,1,,0.854,0.0
mumbai--maharashtra--india,2026-09-02,18431,18431,0.775,0.812,0.845,0.872,0.89,4.3134,0.2062,123,0,0,0.671,0.793,0.8468,18431,68,0.3689,0.697,0.846,38,85,0.71,0.826,0,0,,0.845,0,123,,0.793,0.0
myersville--maryland--united-states,2026-09-02,181,181,0.839,0.852,0.865,0.875,0.889,1.6575,0.0,1,0,0,0.865,0.865,0.865,181,0,0.0,,0.865,0,1,,0.865,181,1,0.865,,1,0,0.865,,100.0
nairobi--nairobi-county--kenya,2026-09-02,26147,26147,0.66,0.745,0.812,0.855,0.881,2.6925,5.2817,71,0,0,0.7732,0.808,0.8365,26147,402,1.5375,0.814,0.812,31,40,0.8,0.8103,0,0,,0.812,0,71,,0.808,0.0
nakuru--nakuru--kenya,2026-09-02,212520,212520,0.717,0.761,0.804,0.843,0.874,2.3687,0.359,808,0,0,0.7768,0.804,0.837,212520,2112,0.9938,0.803,0.804,13,795,0.803,0.804,0,0,,0.804,0,808,,0.804,0.0
nampa--idaho--united-states,2026-09-02,1329,1329,0.738,0.752,0.77,0.799,0.822,0.3762,0.0,15,0,0,0.757,0.771,0.8262,1329,0,0.0,,0.77,0,15,,0.771,62,1,0.8265,0.769,2,13,0.8262,0.769,4.6652
nanaimo--british-columbia--canada,2026-09-02,4841,4841,0.539,0.608,0.642,0.748,0.797,0.0,22.2062,26,0,0,0.655,0.7215,0.7913,4841,2484,51.3117,0.741,0.63,19,7,0.758,0.632,0,0,,0.642,0,26,,0.7215,0.0
napa--california--united-states,2026-09-02,2684,2684,0.82,0.837,0.855,0.87,0.885,1.6021,0.0,3,0,0,0.8515,0.857,0.86,2684,0,0.0,,0.855,0,3,,0.857,0,0,,0.855,0,3,,0.857,0.0
nashville--tennessee--united-states,2026-09-03,24353,24353,0.804,0.833,0.857,0.877,0.894,6.8821,0.1766,157,0,0,0.844,0.859,0.875,24353,1,0.0041,0.553,0.857,1,156,0.553,0.859,0,0,,0.857,0,157,,0.859,0.0
naugatuck--connecticut--united-states,2026-09-03,42402,42402,0.753,0.797,0.835,0.869,0.893,7.0563,0.8985,351,0,0,0.792,0.827,0.8585,42402,0,0.0,,0.835,0,351,,0.827,0,0,,0.835,0,351,,0.827,0.0
negaunee--michigan--united-states,2026-09-03,426,426,0.771,0.782,0.794,0.81,0.823,0.0,0.0,3,0,0,0.7985,0.808,0.8095,426,0,0.0,,0.794,0,3,,0.808,0,0,,0.794,0,3,,0.808,0.0
new-albany--mississippi--united-states,2026-09-03,1184,1184,0.742,0.805,0.847,0.859,0.868,0.0,0.0,16,0,0,0.8462,0.8525,0.858,1184,0,0.0,,0.847,0,16,,0.8525,0,0,,0.847,0,16,,0.8525,0.0
new-britain--connecticut--united-states,2026-09-03,106123,106123,0.714,0.783,0.835,0.871,0.894,6.9693,4.6578,863,0,0,0.7915,0.833,0.866,106123,639,0.6021,0.885,0.834,3,860,0.877,0.833,14,1,0.867,0.835,1,862,0.867,0.833,0.0132
new-delhi--india,2026-09-03,12414,12414,0.704,0.75,0.794,0.833,0.866,1.4016,0.5397,43,0,0,0.7785,0.8075,0.8385,12414,50,0.4028,0.62,0.794,3,40,0.62,0.8078,0,0,,0.794,0,43,,0.8075,0.0
new-haven--connecticut--united-states,2026-09-03,201900,201900,0.754,0.812,0.854,0.883,0.903,11.8004,3.5027,1835,0,0,0.814,0.8485,0.873,201900,2680,1.3274,0.808,0.854,15,1820,0.786,0.849,1737,1,0.865,0.854,47,1788,0.87,0.848,0.8603
new-hope--minnesota--united-states,2026-09-03,61,61,0.681,0.737,0.771,0.791,0.819,0.0,0.0,7,0,0,0.774,0.779,0.78,61,61,100.0,0.771,,7,0,0.779,,0,0,,0.771,0,7,,0.779,0.0
new-london--connecticut--united-states,2026-09-03,102897,102897,0.732,0.785,0.83,0.867,0.891,6.178,2.7076,868,0,0,0.8035,0.8377,0.868,102897,0,0.0,,0.83,0,868,,0.8377,2484,1,0.858,0.829,32,836,0.8625,0.837,2.4141
new-orleans--louisiana--united-states,2026-09-03,155318,155318,0.795,0.826,0.854,0.876,0.89,3.4297,0.0856,434,0,0,0.821,0.851,0.872,155318,839,0.5402,0.763,0.854,5,429,0.774,0.852,82233,2,0.87,0.832,204,230,0.872,0.8297,52.9449
new-ulm--minnesota--united-states,2026-09-03,14196,14196,0.812,0.851,0.878,0.9,0.913,25.1057,0.155,111,0,0,0.859,0.88,0.899,14196,13,0.0916,0.814,0.878,3,108,0.848,0.8802,2683,1,0.888,0.875,17,94,0.8885,0.8775,18.8997
new-york--new-york--united-states,2026-09-04,352964,352964,0.767,0.838,0.891,0.917,0.929,43.3466,1.484,31786,0,0,0.896,0.913,0.924,352964,67138,19.0212,0.816,0.902,765,31021,0.797,0.914,186023,3,0.915,0.836,30591,1195,0.914,0.812,52.7031
newark--new-jersey--united-states,2026-09-03,223,223,0.7082,0.743,0.765,0.789,0.8068,0.0,2.6906,2,0,0,0.7605,0.764,0.7675,223,0,0.0,,0.765,0,2,,0.764,0,0,,0.765,0,2,,0.764,0.0
newberg--oregon--united-states,2026-09-03,1014,1014,0.8523,0.874,0.89,0.905,0.917,34.0237,0.0,6,0,0,0.8808,0.8845,0.8935,1014,0,0.0,,0.89,0,6,,0.8845,0,0,,0.89,0,6,,0.8845,0.0
newburyport--massachusetts--united-states,2026-09-03,15060,15060,0.753,0.792,0.847,0.874,0.891,4.6149,0.093,44,0,0,0.756,0.764,0.8003,15060,0,0.0,,0.847,0,44,,0.764,1865,1,0.76,0.854,30,14,0.76,0.8525,12.3838
newport--kentucky--united-states,2026-09-03,32481,32481,0.807,0.836,0.862,0.884,0.903,12.358,0.0,129,0,0,0.841,0.8625,0.88,32481,0,0.0,,0.862,0,129,,0.8625,6573,1,0.899,0.854,40,89,0.8985,0.854,20.2364
newtown--connecticut--united-states,2026-09-03,187553,187553,0.701,0.757,0.807,0.847,0.874,1.7115,2.9293,1008,0,0,0.762,0.805,0.8426,187553,0,0.0,,0.807,0,1008,,0.805,27066,1,0.855,0.796,98,910,0.8555,0.798,14.4311
nicoma-park--oklahoma--united-states,2026-09-03,2427,2427,0.765,0.791,0.815,0.838,0.855,0.0,0.0,6,0,0,0.8028,0.8275,0.8538,2427,0,0.0,,0.815,0,6,,0.8275,2116,1,0.812,0.85,3,3,0.814,0.841,87.1858
normal--illinois--united-states,2026-08-12,3835,3835,0.864,0.874,0.887,0.897,0.909,21.1473,0.0,6,0,0,0.892,0.895,0.8958,3835,0,0.0,,0.887,0,6,,0.895,3835,1,0.887,,6,0,0.895,,100.0
north-carrollton--mississippi--united-states,2026-09-04,378,378,0.783,0.801,0.819,0.8327,0.842,0.0,0.0,2,0,0,0.8175,0.819,0.8205,378,0,0.0,,0.819,0,2,,0.819,378,1,0.819,,2,0,0.819,,100.0
north-ridgeville--ohio--united-states,2026-09-04,6751,6751,0.819,0.835,0.854,0.872,0.886,2.5181,0.0,27,0,0,0.846,0.864,0.8798,6751,0,0.0,,0.854,0,27,,0.864,78,1,0.8535,0.854,4,23,0.873,0.864,1.1554
norwich--connecticut--united-states,2026-09-04,106249,106249,0.63,0.766,0.828,0.869,0.893,6.3681,9.0956,705,0,0,0.789,0.83,0.863,106249,0,0.0,,0.828,0,705,,0.83,2380,1,0.802,0.83,18,687,0.81,0.831,2.24
ocean-ridge--florida--united-states,2026-09-04,9629,9629,0.753,0.784,0.814,0.839,0.857,0.0623,0.0,194,0,0,0.7853,0.8113,0.8325,9629,0,0.0,,0.814,0,194,,0.8113,0,0,,0.814,0,194,,0.8113,0.0
oconomowoc--wisconsin--united-states,2026-09-04,1843,1843,0.771,0.778,0.786,0.796,0.806,0.0,0.217,6,0,0,0.5497,0.599,0.6614,1843,7,0.3798,0.582,0.786,5,1,0.582,0.786,7,1,0.582,0.786,5,1,0.582,0.786,0.3798
ogden--utah--united-states,2026-09-04,42937,42937,0.657,0.737,0.868,0.893,0.909,18.0031,4.7325,140,0,0,0.8606,0.8815,0.8952,42937,74,0.1723,0.1915,0.868,1,139,0.1915,0.8815,9726,3,0.892,0.851,56,84,0.888,0.875,22.6518
oklahoma-city--oklahoma--united-states,2026-09-04,87427,87427,0.814,0.843,0.871,0.893,0.907,17.1537,0.0149,181,0,0,0.833,0.856,0.888,87427,1789,2.0463,0.829,0.872,11,170,0.833,0.859,43633,3,0.856,0.882,91,90,0.8475,0.8708,49.9079
olympia--washington--united-states,2026-09-04,441,441,0.622,0.667,0.712,0.762,0.79,0.0,6.576,6,0,0,0.7065,0.762,0.7661,441,0,0.0,,0.712,0,6,,0.762,0,0,,0.712,0,6,,0.762,0.0
omaha--nebraska--united-states,2026-09-04,83034,83034,0.781,0.812,0.836,0.86,0.882,2.2617,1.6403,103,0,0,0.78,0.837,0.8625,83034,442,0.5323,0.762,0.836,15,88,0.754,0.8462,71081,2,0.833,0.875,53,50,0.837,0.8365,85.6047
orlando--florida--united-states,2026-09-04,1140434,1140434,0.809,0.836,0.861,0.881,0.897,8.2139,0.0122,3837,0,0,0.845,0.864,0.882,1140434,5,0.0004,0.506,0.861,5,3832,0.506,0.864,22553,3,0.859,0.861,66,3771,0.8655,0.864,1.9776
palmer--massachusetts--united-states,2026-09-05,278,278,0.757,0.776,0.793,0.8177,0.834,0.0,0.0,2,0,0,0.7888,0.7985,0.8082,278,0,0.0,,0.793,0,2,,0.7985,0,0,,0.793,0,2,,0.7985,0.0
palmerston-north--manawatu-wanganui--new-zealand,2026-09-05,24471,24471,0.792,0.809,0.84,0.874,0.893,5.5699,0.0041,22,0,0,0.8098,0.8225,0.8665,24471,0,0.0,,0.84,0,22,,0.8225,24471,1,0.84,,22,0,0.8225,,100.0
paramount--california--united-states,2026-09-05,2168,2168,0.874,0.889,0.902,0.912,0.919,55.3506,0.0,14,0,0,0.9012,0.9038,0.9065,2168,0,0.0,,0.902,0,14,,0.9038,0,0,,0.902,0,14,,0.9038,0.0
paris--ile-de-france--france,2026-09-05,137414,137414,0.738,0.793,0.836,0.868,0.89,5.5817,1.8419,2307,0,0,0.698,0.7655,0.8352,137414,64926,47.2485,0.831,0.84,1654,653,0.738,0.831,50922,3,0.832,0.839,458,1849,0.833,0.737,37.0574
parksville--british-columbia--canada,2026-09-05,1,1,0.66,0.66,0.66,0.66,0.66,0.0,0.0,1,0,0,0.66,0.66,0.66,1,1,100.0,0.66,,1,0,0.66,,0,0,,0.66,0,1,,0.66,0.0
pateros--washington--united-states,2026-09-05,1103,1103,0.844,0.858,0.87,0.878,0.885,0.6346,0.0,6,0,0,0.8435,0.8625,0.8688,1103,0,0.0,,0.87,0,6,,0.8625,0,0,,0.87,0,6,,0.8625,0.0
patterson--louisiana--united-states,2026-09-05,471,471,0.877,0.882,0.887,0.8925,0.897,4.2463,0.0,7,0,0,0.8855,0.888,0.889,471,0,0.0,,0.887,0,7,,0.888,471,1,0.887,,7,0,0.888,,100.0
philadelphia--pennsylvania--united-states,2026-09-06,44385,44385,0.755,0.81,0.848,0.877,0.897,8.5502,0.6038,92,0,0,0.8254,0.847,0.8692,44385,1054,2.3747,0.848,0.848,9,83,0.821,0.847,2446,1,0.885,0.846,4,88,0.8725,0.847,5.5109
phoenix--arizona--united-states,2026-09-06,329988,329988,0.767,0.814,0.851,0.881,0.903,12.091,1.1576,659,0,0,0.809,0.843,0.871,329988,17,0.0052,0.885,0.851,9,650,0.788,0.8435,763,1,0.873,0.851,2,657,0.8725,0.843,0.2312
piedmont--alabama--united-states,2026-09-06,1116,1116,0.721,0.735,0.75,0.7692,0.7995,0.1792,0.0,4,0,0,0.7422,0.749,0.7545,1116,0,0.0,,0.75,0,4,,0.749,0,0,,0.75,0,4,,0.749,0.0
pinedale--wyoming--united-states,2026-09-06,217,217,0.756,0.765,0.778,0.791,0.807,0.0,0.0,1,0,0,0.778,0.778,0.778,217,0,0.0,,0.778,0,1,,0.778,0,0,,0.778,0,1,,0.778,0.0
pittsburgh--pennsylvania--united-states,2026-09-06,16596,16596,0.675,0.772,0.857,0.889,0.909,16.4678,1.6088,37,0,0,0.8095,0.863,0.889,16596,409,2.4644,0.617,0.859,1,36,0.617,0.8635,4955,1,0.729,0.876,10,27,0.7165,0.876,29.8566
platteville--colorado--united-states,2026-08-12,5336,5336,0.337,0.571,0.787,0.805,0.818,0.0,25.8808,8,0,0,0.7195,0.7945,0.796,5336,0,0.0,,0.787,0,8,,0.7945,5336,2,0.787,,8,0,0.7945,,100.0
polkville--mississippi--united-states,2026-08-12,2509,2509,0.589,0.629,0.672,0.714,0.753,0.0,12.9932,5,0,0,0.652,0.675,0.681,2509,0,0.0,,0.672,0,5,,0.675,0,0,,0.672,0,5,,0.675,0.0
port-deposit--maryland--united-states,2026-08-12,703,703,0.7502,0.771,0.813,0.863,0.885,2.1337,0.0,7,0,0,0.7997,0.818,0.822,703,0,0.0,,0.813,0,7,,0.818,0,0,,0.813,0,7,,0.818,0.0
port-townsend--washington--united-states,2026-08-12,1591,1591,0.752,0.77,0.799,0.872,0.906,12.445,0.0,8,0,0,0.8594,0.865,0.8789,1591,809,50.8485,0.87,0.774,7,1,0.865,0.774,0,0,,0.799,0,8,,0.865,0.0
portland--north-dakota--united-states,2026-08-12,525,525,0.905,0.91,0.917,0.922,0.926,99.0476,0.0,9,0,0,0.91,0.915,0.918,525,0,0.0,,0.917,0,9,,0.915,525,1,0.917,,9,0,0.915,,100.0
potlatch--idaho--united-states,2026-08-12,36,36,0.741,0.7705,0.788,0.8008,0.826,0.0,0.0,2,0,0,0.7875,0.788,0.7885,36,0,0.0,,0.788,0,2,,0.788,0,0,,0.788,0,2,,0.788,0.0
providence--rhode-island--united-states,2026-08-12,18298,18298,0.772,0.809,0.85,0.887,0.906,15.5099,0.5137,84,0,0,0.8241,0.856,0.8888,18298,2056,11.2362,0.832,0.851,22,62,0.8545,0.856,0,0,,0.85,0,84,,0.856,0.0
pullman--washington--united-states,2026-08-12,4118,4118,0.809,0.83,0.859,0.882,0.896,6.0709,0.0,19,0,0,0.8505,0.867,0.8735,4118,0,0.0,,0.859,0,19,,0.867,0,0,,0.859,0,19,,0.867,0.0
quincy--florida--united-states,2026-08-12,1377,1377,0.7716,0.794,0.912,0.925,0.934,63.2534,0.0726,4,0,0,0.7818,0.8505,0.9193,1377,0,0.0,,0.912,0,4,,0.8505,0,0,,0.912,0,4,,0.8505,0.0
quincy--massachusetts--united-states,2026-08-13,11944,11944,0.771,0.8,0.823,0.857,0.919,15.8071,0.4186,22,0,0,0.8175,0.8925,0.917,11944,0,0.0,,0.823,0,22,,0.8925,2921,1,0.811,0.832,2,20,0.8067,0.9038,24.4558
rawlins--wyoming--united-states,2026-08-12,20014,20014,0.783,0.814,0.842,0.864,0.883,3.5375,0.0849,25,0,0,0.837,0.843,0.86,20014,0,0.0,,0.842,0,25,,0.843,0,0,,0.842,0,25,,0.843,0.0
rehoboth-beach--delaware--united-states,2026-08-12,10258,10258,0.813,0.839,0.863,0.883,0.9,10.4991,0.0,36,0,0,0.8425,0.8672,0.8855,10258,0,0.0,,0.863,0,36,,0.8672,0,0,,0.863,0,36,,0.8672,0.0
reinsletta--nordland--norway,2026-08-12,1934,1934,0.344,0.826,0.8495,0.868,0.884,1.8097,12.151,16,0,0,0.6922,0.8495,0.8558,1934,3,0.1551,0.69,0.85,3,13,0.69,0.854,0,0,,0.8495,0,16,,0.8495,0.0
rexburg--idaho--united-states,2026-08-12,952,952,0.855,0.867,0.882,0.895,0.901,13.2353,0.0,4,0,0,0.8765,0.8838,0.8856,952,0,0.0,,0.882,0,4,,0.8838,0,0,,0.882,0,4,,0.8838,0.0
riverton--wyoming--united-states,2026-08-12,38878,38878,0.822,0.842,0.863,0.879,0.893,4.9668,0.0,124,0,0,0.846,0.8672,0.8752,38878,0,0.0,,0.863,0,124,,0.8672,0,0,,0.863,0,124,,0.8672,0.0
rochester-hills--michigan--united-states,2026-08-12,2222,2222,0.585,0.6402,0.7025,0.772,0.8179,0.135,13.1413,1,0,0,0.7025,0.7025,0.7025,2222,0,0.0,,0.7025,0,1,,0.7025,0,0,,0.7025,0,1,,0.7025,0.0
rush-valley--utah--united-states,2026-08-12,2194,2194,0.8143,0.823,0.833,0.843,0.854,0.0,0.0,5,0,0,0.8285,0.83,0.834,2194,0,0.0,,0.833,0,5,,0.83,2194,1,0.833,,5,0,0.83,,100.0
russellville--arkansas--united-states,2026-08-13,17890,17890,0.738,0.784,0.817,0.841,0.858,0.1509,0.2124,77,0,0,0.7605,0.8165,0.8305,17890,1063,5.9419,0.746,0.819,21,56,0.736,0.8225,15606,1,0.815,0.823,63,14,0.811,0.8235,87.2331
salisbury--maryland--united-states,2026-08-13,800,800,0.802,0.81,0.818,0.828,0.846,0.125,0.0,4,0,0,0.8197,0.8315,0.8421,800,46,5.75,0.8455,0.818,1,3,0.8455,0.822,754,1,0.818,0.8455,3,1,0.822,0.8455,94.25
sammamish--washington--united-states,2026-08-12,6042,6042,0.731,0.786,0.826,0.873,0.908,13.5717,0.4303,13,0,0,0.774,0.807,0.835,6042,0,0.0,,0.826,0,13,,0.807,0,0,,0.826,0,13,,0.807,0.0
san-francisco--california--united-states,2026-07-31,499844,499844,0.747,0.842,0.886,0.911,0.927,36.9399,1.4597,3459,0,0,0.8585,0.899,0.925,499844,130048,26.0177,0.79,0.898,1034,2425,0.839,0.917,24317,4,0.916,0.885,756,2703,0.924,0.89,4.8649
santee--california--united-states,2026-08-12,28420,28420,0.861,0.883,0.899,0.912,0.92,49.6235,0.0035,68,0,0,0.8958,0.903,0.908,28420,0,0.0,,0.899,0,68,,0.903,0,0,,0.899,0,68,,0.903,0.0
saratoga-springs--utah--united-states,2026-08-13,45743,45743,0.865,0.882,0.898,0.912,0.92,47.3777,0.0,196,0,0,0.885,0.898,0.91,45743,0,0.0,,0.898,0,196,,0.898,0,0,,0.898,0,196,,0.898,0.0
schererville--indiana--united-states,2026-08-12,27872,27872,0.844,0.868,0.89,0.913,0.934,37.9772,0.0,181,0,0,0.8585,0.87,0.883,27872,0,0.0,,0.89,0,181,,0.87,0,0,,0.89,0,181,,0.87,0.0
scottsville--kentucky--united-states,2026-08-13,1002,1002,0.7881,0.812,0.84,0.868,0.894,6.5868,0.0,2,0,0,0.8422,0.8555,0.8688,1002,0,0.0,,0.84,0,2,,0.8555,1002,1,0.84,,2,0,0.8555,,100.0
sedro-woolley--washington--united-states,2026-08-12,28281,28281,0.814,0.847,0.869,0.889,0.903,12.5703,1.4144,83,0,0,0.8442,0.865,0.877,28281,0,0.0,,0.869,0,83,,0.865,2101,2,0.885,0.869,3,80,0.6225,0.8655,7.429
selma--california--united-states,2026-08-12,8567,8567,0.876,0.891,0.902,0.912,0.919,55.6321,0.0817,29,0,0,0.886,0.897,0.906,8567,0,0.0,,0.902,0,29,,0.897,106,1,0.8565,0.902,3,26,0.822,0.8975,1.2373
shelley--idaho--united-states,2026-08-12,895,895,0.801,0.82,0.831,0.839,0.847,0.0,0.0,1,0,0,0.831,0.831,0.831,895,0,0.0,,0.831,0,1,,0.831,895,1,0.831,,1,0,0.831,,100.0
shelton--connecticut--united-states,2026-08-13,85479,85479,0.695,0.781,0.829,0.865,0.89,6.2202,5.599,708,0,0,0.786,0.826,0.8595,85479,40,0.0468,0.159,0.829,1,707,0.159,0.826,1,1,0.241,0.829,1,707,0.241,0.826,0.0012
shelton--washington--united-states,2026-08-12,57,57,0.6366,0.671,0.696,0.733,0.7584,0.0,3.5088,24,0,0,0.6695,0.6955,0.7375,57,55,96.4912,0.696,0.6805,22,2,0.6955,0.6805,0,0,,0.696,0,24,,0.6955,0.0
sheridan--colorado--united-states,2026-08-12,7248,7248,0.851,0.868,0.883,0.897,0.907,19.9365,0.1932,42,0,0,0.8705,0.8815,0.8908,7248,0,0.0,,0.883,0,42,,0.8815,2468,1,0.889,0.88,9,33,0.89,0.879,34.0508
signal-mountain--tennessee--united-states,2026-08-12,29548,29548,0.752,0.782,0.813,0.843,0.868,1.6008,0.0034,56,0,0,0.7945,0.8145,0.829,29548,0,0.0,,0.813,0,56,,0.8145,0,0,,0.813,0,56,,0.8145,0.0
silerton--tennessee--united-states,2026-08-12,520,520,0.792,0.82,0.858,0.897,0.905,19.4231,0.0,2,0,0,0.8253,0.8415,0.8578,520,0,0.0,,0.858,0,2,,0.8415,520,1,0.858,,2,0,0.8415,,100.0
slinger--wisconsin--united-states,2026-08-12,8,8,0.4523,0.4805,0.507,0.5637,0.6197,0.0,75.0,1,0,0,0.507,0.507,0.507,8,8,100.0,0.507,,1,0,0.507,,8,1,0.507,,1,0,0.507,,100.0
smiths-station--alabama--united-states,2026-08-12,2464,2464,0.734,0.755,0.779,0.806,0.823,0.0,0.0,35,0,0,0.758,0.779,0.8075,2464,0,0.0,,0.779,0,35,,0.779,1611,1,0.764,0.812,21,14,0.761,0.8135,65.3815
snoqualmie--washington--united-states,2026-08-12,1591,1591,0.79,0.808,0.829,0.8545,0.873,0.3771,0.0,9,0,0,0.818,0.838,0.8465,1591,0,0.0,,0.829,0,9,,0.838,0,0,,0.829,0,9,,0.838,0.0
south-portland--maine--united-states,2026-08-12,11811,11811,0.058,0.729,0.814,0.853,0.912,11.4639,18.305,19,0,0,0.7245,0.824,0.9235,11811,0,0.0,,0.814,0,19,,0.824,2925,2,0.884,0.784,8,11,0.924,0.743,24.765
stafford--texas--united-states,2026-08-12,18037,18037,0.786,0.815,0.841,0.864,0.884,2.8164,0.0499,209,0,0,0.823,0.8445,0.8645,18037,0,0.0,,0.841,0,209,,0.8445,0,0,,0.841,0,209,,0.8445,0.0
star--idaho--united-states,2026-08-12,14507,14507,0.725,0.748,0.772,0.792,0.813,0.0,0.0689,54,0,0,0.7561,0.7685,0.7868,14507,0,0.0,,0.772,0,54,,0.7685,631,1,0.827,0.77,6,48,0.8275,0.7675,4.3496
stara-pazova-municipality--srem-administrative-district--serbia,2026-07-23,149781,149781,0.789,0.827,0.86,0.893,0.913,19.4965,0.0113,198,0,0,0.8292,0.8622,0.8908,149781,0,0.0,,0.86,0,198,,0.8622,72264,2,0.884,0.846,94,104,0.888,0.844,48.2464
stone-mountain--georgia--united-states,2026-08-12,5,5,0.7508,0.761,0.762,0.768,0.771,0.0,0.0,1,0,0,0.762,0.762,0.762,5,0,0.0,,0.762,0,1,,0.762,0,0,,0.762,0,1,,0.762,0.0
sumrall--mississippi--united-states,2026-08-12,1092,1092,0.711,0.795,0.831,0.852,0.867,0.0916,0.0,1,0,0,0.831,0.831,0.831,1092,0,0.0,,0.831,0,1,,0.831,0,0,,0.831,0,1,,0.831,0.0
sunflower--mississippi--united-states,2026-08-12,206,206,0.664,0.682,0.693,0.703,0.71,0.0,0.0,1,0,0,0.693,0.693,0.693,206,0,0.0,,0.693,0,1,,0.693,0,0,,0.693,0,1,,0.693,0.0
sweeny--texas--united-states,2026-08-12,1885,1885,0.791,0.809,0.83,0.847,0.861,0.0,0.0,8,0,0,0.8131,0.825,0.8382,1885,0,0.0,,0.83,0,8,,0.825,0,0,,0.83,0,8,,0.825,0.0
swissvale--pennsylvania--united-states,2026-08-12,5686,5686,0.829,0.853,0.877,0.901,0.916,25.9937,0.1583,17,0,0,0.858,0.875,0.901,5686,21,0.3693,0.64,0.877,1,16,0.64,0.884,0,0,,0.877,0,17,,0.875,0.0
talent--oregon--united-states,2026-08-12,440,440,0.793,0.798,0.808,0.82,0.827,0.0,0.0,1,0,0,0.808,0.808,0.808,440,0,0.0,,0.808,0,1,,0.808,0,0,,0.808,0,1,,0.808,0.0
taos--new-mexico--united-states,2026-08-12,4043,4043,0.852,0.867,0.879,0.89,0.898,7.5439,0.0,4,0,0,0.8724,0.879,0.884,4043,0,0.0,,0.879,0,4,,0.879,4043,1,0.879,,4,0,0.879,,100.0
tappahannock--virginia--united-states,2026-08-12,2299,2299,0.749,0.771,0.794,0.818,0.833,0.0,0.0,10,0,0,0.7755,0.7945,0.8085,2299,0,0.0,,0.794,0,10,,0.7945,0,0,,0.794,0,10,,0.7945,0.0
teaneck-township--new-jersey--united-states,2026-08-12,1919,1919,0.8088,0.832,0.853,0.869,0.883,1.3549,0.0521,9,0,0,0.8445,0.852,0.865,1919,0,0.0,,0.853,0,9,,0.852,0,0,,0.853,0,9,,0.852,0.0
tel-aviv--tel-aviv-district--israel,2026-08-12,51035,51035,0.819,0.859,0.885,0.904,0.918,31.1531,1.2462,751,0,0,0.864,0.886,0.902,51035,7866,15.413,0.858,0.889,81,670,0.857,0.888,38806,3,0.891,0.853,589,162,0.892,0.84,76.038
timberville--virginia--united-states,2026-08-12,574,574,0.7553,0.807,0.84,0.861,0.882,3.4843,0.0,3,0,0,0.7957,0.841,0.848,574,0,0.0,,0.84,0,3,,0.841,0,0,,0.84,0,3,,0.841,0.0
tishomingo--mississippi--united-states,2026-08-12,1428,1428,0.597,0.625,0.664,0.7,0.7353,0.0,11.1345,2,0,0,0.6208,0.6375,0.6542,1428,0,0.0,,0.664,0,2,,0.6375,0,0,,0.664,0,2,,0.6375,0.0
tombstone--arizona--united-states,2026-08-12,1389,1389,0.858,0.867,0.877,0.896,0.915,21.9582,0.0,2,0,0,0.876,0.877,0.878,1389,0,0.0,,0.877,0,2,,0.877,0,0,,0.877,0,2,,0.877,0.0
topsail-beach--north-carolina--united-states,2026-08-12,4092,4092,0.851,0.869,0.884,0.895,0.903,14.3695,0.0,17,0,0,0.879,0.8825,0.888,4092,0,0.0,,0.884,0,17,,0.8825,0,0,,0.884,0,17,,0.8825,0.0
torrington--connecticut--united-states,2026-08-13,86768,86768,0.715,0.785,0.828,0.87,0.895,7.5074,6.3987,597,0,0,0.787,0.818,0.8495,86768,0,0.0,,0.828,0,597,,0.818,1008,1,0.874,0.827,2,595,0.894,0.818,1.1617
town-of-cottage-grove--wisconsin--united-states,2026-08-12,2621,2621,0.774,0.791,0.806,0.826,0.855,3.0904,0.0,7,0,0,0.786,0.79,0.8365,2621,0,0.0,,0.806,0,7,,0.79,0,0,,0.806,0,7,,0.79,0.0
town-of-covert--new-york--united-states,2026-08-13,340,340,0.7579,0.7738,0.795,0.809,0.8231,0.0,0.0,2,0,0,0.7961,0.7983,0.8004,340,0,0.0,,0.795,0,2,,0.7983,340,1,0.795,,2,0,0.7983,,100.0
town-of-horseheads--new-york--united-states,2026-08-12,15401,15401,0.806,0.823,0.841,0.855,0.868,0.5454,0.0,31,0,0,0.833,0.841,0.8465,15401,0,0.0,,0.841,0,31,,0.841,0,0,,0.841,0,31,,0.841,0.0
town-of-lake-george--new-york--united-states,2026-08-13,13322,13322,0.725,0.764,0.819,0.868,0.889,4.3312,0.0676,18,0,0,0.7308,0.784,0.8274,13322,0,0.0,,0.819,0,18,,0.784,2930,1,0.873,0.803,2,16,0.8735,0.766,21.9937
trotwood--ohio--united-states,2026-08-12,77771,77771,0.75,0.779,0.813,0.841,0.862,0.2585,0.0,312,0,0,0.7949,0.824,0.843,77771,0,0.0,,0.813,0,312,,0.824,0,0,,0.813,0,312,,0.824,0.0
tumwater--washington--united-states,2026-08-12,406,406,0.655,0.689,0.717,0.751,0.797,0.0,0.9852,3,0,0,0.7157,0.7195,0.7917,406,0,0.0,,0.717,0,3,,0.7195,0,0,,0.717,0,3,,0.7195,0.0
unadilla--nebraska--united-states,2026-08-12,184,184,0.679,0.694,0.7735,0.876,0.883,0.0,0.0,5,0,0,0.7885,0.853,0.879,184,0,0.0,,0.7735,0,5,,0.853,0,0,,0.7735,0,5,,0.853,0.0
underwood--iowa--united-states,2026-08-12,750,750,0.794,0.879,0.891,0.898,0.904,22.1333,0.0,6,0,0,0.7884,0.8255,0.8465,750,0,0.0,,0.891,0,6,,0.8255,603,1,0.894,0.793,1,5,0.894,0.806,80.4
vardaman--mississippi--united-states,2026-08-12,829,829,0.757,0.781,0.808,0.823,0.833,0.0,0.0,2,0,0,0.7999,0.8073,0.8146,829,0,0.0,,0.808,0,2,,0.8073,829,1,0.808,,2,0,0.8073,,100.0
vergennes--vermont--united-states,2026-08-12,442,442,0.7691,0.798,0.8385,0.8638,0.8789,1.1312,0.0,2,0,0,0.8113,0.8255,0.8397,442,0,0.0,,0.8385,0,2,,0.8255,0,0,,0.8385,0,2,,0.8255,0.0
village-of-briarcliff-manor--new-york--united-states,2026-08-12,38,38,0.6267,0.64,0.653,0.666,0.6869,0.0,0.0,1,0,0,0.653,0.653,0.653,38,38,100.0,0.653,,1,0,0.653,,0,0,,0.653,0,1,,0.653,0.0
village-of-chateaugay--new-york--united-states,2026-08-12,892,892,0.804,0.8257,0.856,0.874,0.893,6.3901,0.0,4,0,0,0.8438,0.8555,0.8585,892,0,0.0,,0.856,0,4,,0.8555,0,0,,0.856,0,4,,0.8555,0.0
village-of-scottsville--new-york--united-states,2026-08-12,1075,1075,0.777,0.797,0.843,0.868,0.881,1.2093,0.0,2,0,0,0.801,0.818,0.835,1075,0,0.0,,0.843,0,2,,0.818,0,0,,0.843,0,2,,0.818,0.0
village-of-upper-brookville--new-york--united-states,2026-08-12,687,687,0.5092,0.587,0.618,0.677,0.7504,0.0,31.5866,9,0,0,0.605,0.616,0.669,687,628,91.4119,0.613,0.752,7,2,0.6055,0.7665,0,0,,0.618,0,9,,0.616,0.0
waldwick--new-jersey--united-states,2026-08-12,935,935,0.745,0.773,0.827,0.86,0.875,0.4278,0.0,2,0,0,0.7945,0.814,0.8335,935,0,0.0,,0.827,0,2,,0.814,0,0,,0.827,0,2,,0.814,0.0
walla-walla--washington--united-states,2026-08-12,24194,24194,0.826,0.85,0.869,0.883,0.895,5.7246,0.0,87,0,0,0.8555,0.869,0.8772,24194,1,0.0041,0.811,0.869,1,86,0.811,0.869,18034,1,0.872,0.857,64,23,0.8695,0.865,74.5391
waltham--massachusetts--united-states,2026-08-12,38405,38405,0.758,0.799,0.843,0.878,0.9,10.1211,0.2239,138,0,0,0.8266,0.8635,0.8978,38405,0,0.0,,0.843,0,138,,0.8635,0,0,,0.843,0,138,,0.8635,0.0
warr-acres--oklahoma--united-states,2026-08-12,379,379,0.878,0.887,0.896,0.904,0.91,39.8417,0.0,1,0,0,0.896,0.896,0.896,379,0,0.0,,0.896,0,1,,0.896,0,0,,0.896,0,1,,0.896,0.0
wasta--south-dakota--united-states,2026-08-12,2130,2130,0.812,0.828,0.85,0.867,0.877,0.1408,0.0,11,0,0,0.8415,0.856,0.8675,2130,0,0.0,,0.85,0,11,,0.856,0,0,,0.85,0,11,,0.856,0.0
waterbury--connecticut--united-states,2026-08-12,130635,130635,0.739,0.797,0.838,0.872,0.896,8.5383,3.6139,992,0,0,0.806,0.838,0.8641,130635,215,0.1646,0.131,0.838,2,990,0.466,0.838,1046,1,0.886,0.838,7,985,0.905,0.837,0.8007
waterloo--ontario--canada,2026-08-13,747,747,0.676,0.833,0.873,0.886,0.895,6.0241,1.7403,30,0,0,0.8317,0.854,0.8628,747,269,36.0107,0.809,0.883,3,27,0.738,0.854,6,1,0.8215,0.873,6,24,0.8215,0.854,0.8032
waterville--maine--united-states,2026-08-12,12350,12350,0.793,0.827,0.856,0.882,0.901,10.8907,0.0081,72,0,0,0.8227,0.849,0.8752,12350,555,4.4939,0.849,0.857,7,65,0.845,0.849,0,0,,0.856,0,72,,0.849,0.0
waynesboro--virginia--united-states,2026-08-12,13057,13057,0.712,0.765,0.81,0.851,0.874,1.1871,3.523,49,0,0,0.7585,0.812,0.839,13057,540,4.1357,0.547,0.813,2,47,0.5725,0.812,0,0,,0.81,0,49,,0.812,0.0
welton--iowa--united-states,2026-08-12,22,22,0.8614,0.866,0.873,0.879,0.8819,0.0,0.0,1,0,0,0.873,0.873,0.873,22,0,0.0,,0.873,0,1,,0.873,0,0,,0.873,0,1,,0.873,0.0
wenatchee--washington--united-states,2026-08-12,1054,1054,0.793,0.806,0.817,0.831,0.847,0.0949,0.0,4,0,0,0.8113,0.8152,0.8204,1054,0,0.0,,0.817,0,4,,0.8152,0,0,,0.817,0,4,,0.8152,0.0
west-valley-city--utah--united-states,2026-08-13,143217,143217,0.858,0.899,0.917,0.93,0.938,74.5889,0.1124,182,0,0,0.91,0.917,0.9258,143217,0,0.0,,0.917,0,182,,0.917,0,0,,0.917,0,182,,0.917,0.0
westbrook--maine--united-states,2026-08-12,53348,53348,0.655,0.7288,0.777,0.822,0.8513,2.1838,5.8821,203,0,0,0.741,0.862,0.896,53348,0,0.0,,0.777,0,203,,0.862,2792,1,0.896,0.773,107,96,0.896,0.7372,5.2336
westport--washington--united-states,2026-08-12,86985,86985,0.754,0.788,0.82,0.848,0.869,0.5288,0.0494,197,0,0,0.798,0.821,0.8435,86985,0,0.0,,0.82,0,197,,0.821,11571,1,0.8,0.823,28,169,0.8003,0.824,13.3023
weymouth--massachusetts--united-states,2026-08-12,2256,2256,0.801,0.811,0.823,0.835,0.8495,0.0,0.0443,3,0,0,0.8068,0.822,0.823,2256,0,0.0,,0.823,0,3,,0.822,24,1,0.7915,0.823,1,2,0.7915,0.823,1.0638
wiggins--colorado--united-states,2026-08-12,260,260,0.869,0.875,0.88,0.886,0.89,0.3846,0.0,5,0,0,0.881,0.882,0.883,260,0,0.0,,0.88,0,5,,0.882,0,0,,0.88,0,5,,0.882,0.0
williamsburg--new-mexico--united-states,2026-08-12,2370,2370,0.865,0.88,0.891,0.902,0.912,28.9451,0.0,8,0,0,0.886,0.8915,0.8958,2370,0,0.0,,0.891,0,8,,0.8915,0,0,,0.891,0,8,,0.8915,0.0
wilmington--delaware--united-states,2026-08-12,173,173,0.751,0.77,0.785,0.8,0.8208,0.0,0.0,1,0,0,0.785,0.785,0.785,173,0,0.0,,0.785,0,1,,0.785,0,0,,0.785,0,1,,0.785,0.0
wilmore--pennsylvania--united-states,2026-08-12,32,32,0.8301,0.836,0.849,0.8638,0.8816,0.0,0.0,2,0,0,0.8469,0.8538,0.8606,32,0,0.0,,0.849,0,2,,0.8538,32,1,0.849,,2,0,0.8538,,100.0
winthrop--washington--united-states,2026-08-12,3361,3361,0.721,0.754,0.789,0.82,0.842,0.0893,0.0595,13,0,0,0.771,0.792,0.8155,3361,0,0.0,,0.789,0,13,,0.792,0,0,,0.789,0,13,,0.792,0.0
woodburn--oregon--united-states,2026-08-12,411,411,0.706,0.721,0.835,0.849,0.861,0.0,0.9732,4,0,0,0.8064,0.8375,0.8412,411,0,0.0,,0.835,0,4,,0.8375,0,0,,0.835,0,4,,0.8375,0.0
woodlawn--kentucky--united-states,2026-08-12,229,229,0.76,0.8,0.824,0.845,0.855,0.0,0.0,2,0,0,0.8221,0.8227,0.8234,229,0,0.0,,0.824,0,2,,0.8227,0,0,,0.824,0,2,,0.8227,0.0
worcester--massachusetts--united-states,2026-08-13,14513,14513,0.733,0.773,0.82,0.862,0.888,5.0231,0.2618,16,0,0,0.771,0.834,0.8625,14513,398,2.7424,0.759,0.822,2,14,0.765,0.8473,0,0,,0.82,0,16,,0.834,0.0
yakima--washington--united-states,2026-08-12,5410,5410,0.807,0.842,0.875,0.891,0.9,10.4991,0.0739,21,0,0,0.843,0.873,0.884,5410,0,0.0,,0.875,0,21,,0.873,0,0,,0.875,0,21,,0.873,0.0
yogyakarta--special-region-of-yogyakarta--indonesia,2026-08-18,49310,49310,0.788,0.814,0.838,0.858,0.876,1.0241,0.5111,161,0,0,0.822,0.8375,0.852,49310,114,0.2312,0.061,0.838,9,152,0.782,0.8385,0,0,,0.838,0,161,,0.8375,0.0
youngstown--ohio--united-states,2026-07-23,125983,125983,0.793,0.826,0.856,0.884,0.904,12.6573,0.2611,128,0,0,0.8277,0.8538,0.8836,125983,2425,1.9249,0.827,0.857,9,119,0.825,0.854,0,0,,0.856,0,128,,0.8538,0.0
zurich--zurich--switzerland,2026-08-13,76082,76082,0.622,0.764,0.832,0.876,0.904,11.832,9.4398,518,0,0,0.8,0.8372,0.868,76082,13362,17.5626,0.822,0.833,171,347,0.812,0.846,193,2,0.83,0.832,8,510,0.8295,0.838,0.2537
