rank,name,admin1,cc,lat,lon,ub_360_10km,ub_all_10km,share_360,max_hex_360,newest_hex_date,n_members,in_catalog,candidate,catalog_city_id,catalog_enabled,catalog_km
1,Strasbourg,Grand Est,FR,48.58392,7.74553,3550600,3556218,0.998,234472,2026-09-20,6,no,yes,,,
2,Lyon,Rhône-Alpes,FR,45.74906,4.84789,1043839,1419857,0.735,81219,2026-09-22,25,no,yes,,,
3,Bordeaux,New Aquitaine,FR,44.84124,-0.58046,1003173,1207281,0.831,41300,2026-09-11,15,no,yes,,,
4,Lille,Hauts-de-France,FR,50.63391,3.05512,878972,3822198,0.23,37781,2026-09-22,23,no,yes,,,
5,Laval,Pays de la Loire,FR,48.07247,-0.77019,774861,783679,0.989,90362,2025-08-19,1,no,yes,,,
6,Saint-Nazaire,Pays de la Loire,FR,47.27506,-2.2179,577763,621227,0.93,73814,2026-08-14,3,no,yes,,,
7,Des Moines,Iowa,US,41.60054,-93.60911,565529,567828,0.996,65835,2026-04-26,7,yes,no,des-moines--iowa--united-states,1,2.0
8,Caen,Normandy,FR,49.18585,-0.35912,501593,973040,0.515,56808,2026-07-30,2,no,yes,,,
9,Paris,Île-de-France,FR,48.85341,2.3488,464925,1354688,0.343,35180,2026-09-29,182,yes,no,paris--ile-de-france--france,1,0.0
10,Cergy-Pontoise,Île-de-France,FR,49.03894,2.07805,438620,558053,0.786,29209,2026-09-09,27,no,yes,,,
11,Montpellier,Occitanie,FR,43.61093,3.87635,432045,470500,0.918,64259,2026-09-23,4,no,yes,,,
12,Le Havre,Normandy,FR,49.49346,0.10785,426172,430342,0.99,46129,2025-10-07,2,no,yes,,,
13,Nantes,Pays de la Loire,FR,47.21725,-1.55336,409664,968092,0.423,49255,2026-09-16,10,no,yes,,,
14,Brest,Brittany,FR,48.39029,-4.48628,401877,465502,0.863,45546,2026-09-19,2,no,yes,,,
15,Montauban,Occitanie,FR,44.01759,1.3542,387415,398179,0.973,56992,2026-08-12,1,no,yes,,,
16,Amsterdam,North Holland,NL,52.37403,4.88969,359501,398589,0.902,70969,2026-05-02,17,yes,no,amsterdam--north-holland--netherlands,1,2.4
17,Orléans,Centre-Val de Loire,FR,47.90248,1.90407,326645,350464,0.932,22674,2026-09-22,6,no,yes,,,
18,Layton,Utah,US,41.06022,-111.97105,320065,320076,1.0,45774,2025-09-14,10,yes,no,ogden--utah--united-states,1,18.1
19,Grenoble,Rhône-Alpes,FR,45.17869,5.71479,288569,459956,0.627,32419,2026-09-13,6,no,yes,,,
20,Besançon,Bourgogne,FR,47.24878,6.01815,239712,642249,0.373,51402,2026-09-15,1,no,yes,,,
21,Morlaix,Brittany,FR,48.57784,-3.82792,232262,245902,0.945,18303,2026-03-26,1,no,yes,,,
22,Toulouse,Occitanie,FR,43.60426,1.44367,232123,297520,0.78,23008,2026-09-27,7,no,yes,,,
23,Bayonne,New Aquitaine,FR,43.49316,-1.473,209662,292230,0.717,32540,2026-09-23,3,no,yes,,,
24,Mayenne,Pays de la Loire,FR,48.30337,-0.61383,206807,207312,0.998,51666,2026-07-07,1,no,yes,,,
25,Lons-le-Saunier,Bourgogne,FR,46.67535,5.55575,205384,227898,0.901,104213,2026-09-14,1,no,yes,,,
26,Ames,Iowa,US,42.03471,-93.61994,185718,193237,0.961,12762,2026-04-26,1,yes,no,ames--iowa--united-states,1,0.9
27,Tours,Centre-Val de Loire,FR,47.39484,0.70398,175789,260075,0.676,23853,2026-09-26,5,no,yes,,,
28,Inđija,Vojvodina,RS,45.04816,20.08165,166072,291876,0.569,16200,2026-03-14,3,yes,no,stara-pazova-municipality--srem-administrative-district--serbia,1,11.7
29,Angoulême,New Aquitaine,FR,45.64997,0.15345,163124,193876,0.841,8305,2026-09-23,1,no,yes,,,
30,Mannheim,Baden-Wurttemberg,DE,49.4891,8.46694,160155,207778,0.771,14513,2026-09-26,14,no,yes,,,
31,Douarnenez,Brittany,FR,48.09542,-4.32904,147386,159154,0.926,11092,2026-08-22,1,no,yes,,,
32,Marne La Vallée,Île-de-France,FR,48.83584,2.64241,136032,909637,0.15,16000,2026-09-12,12,yes,no,paris--ile-de-france--france,1,21.6
33,Quimper,Brittany,FR,47.99597,-4.09795,135659,149086,0.91,12771,2026-08-18,2,no,yes,,,
34,Brussels,Brussels Capital,BE,50.85045,4.34878,120696,136596,0.884,9321,2026-09-28,32,yes,no,brussels--belgium,0,1.6
35,Waukee,Iowa,US,41.61166,-93.88523,120369,125867,0.956,13193,2026-04-20,1,yes,no,des-moines--iowa--united-states,1,21.8
36,Marseille,Provence-Alpes-Côte d'Azur,FR,43.29695,5.38107,113206,136397,0.83,16291,2026-09-12,30,no,yes,,,
37,Beaune,Bourgogne,FR,47.02413,4.83887,113032,175220,0.645,6664,2026-09-17,1,no,yes,,,
38,Umraniye,Istanbul,TR,41.01643,29.12476,109730,112001,0.98,12660,2026-09-27,5,yes,no,istanbul--marmara-region--turkey,1,12.5
39,Kortrijk,Flanders,BE,50.82803,3.26487,109576,1087844,0.101,12162,2026-09-14,3,no,yes,,,
40,Belgrade,Central Serbia,RS,44.80401,20.46513,108786,325859,0.334,11580,2026-03-14,4,yes,no,belgrade--city-of-belgrade--serbia,1,3.6
41,Cherbourg,Normandy,FR,49.63984,-1.61636,108463,157169,0.69,18415,2026-06-24,4,no,yes,,,
42,Ulm,Baden-Wurttemberg,DE,48.39841,9.99155,101255,104357,0.97,12333,2026-09-27,5,no,yes,,,
43,Vienne,Rhône-Alpes,FR,45.52569,4.87484,100404,130379,0.77,10135,2026-09-18,2,no,yes,,,
44,Antwerp,Flanders,BE,51.22047,4.40026,95750,96226,0.995,7781,2026-09-26,29,no,yes,,,
45,Angers,Pays de la Loire,FR,47.47156,-0.55202,94955,148851,0.638,12429,2026-09-16,1,no,yes,,,
46,Nicosia,Nicosia,CY,35.17284,33.35397,91164,141028,0.646,23931,2026-06-21,4,no,yes,,,
47,Arles,Provence-Alpes-Côte d'Azur,FR,43.67681,4.63031,88520,100602,0.88,19018,2026-09-22,1,no,yes,,,
48,Saint-Quentin-en-Yvelines,Île-de-France,FR,48.77186,2.01891,88221,181115,0.487,8916,2026-09-22,10,no,yes,,,
49,Toulon,Provence-Alpes-Côte d'Azur,FR,43.12442,5.92836,85508,97128,0.88,6795,2026-07-18,8,no,yes,,,
50,Épinal,Grand Est,FR,48.18324,6.45304,84266,99062,0.851,13587,2026-08-12,1,no,yes,,,
51,Avignon,Provence-Alpes-Côte d'Azur,FR,43.94834,4.80892,80144,617109,0.13,6675,2026-09-29,4,no,yes,,,
52,Limoges,New Aquitaine,FR,45.83362,1.24759,74935,105606,0.71,3868,2026-09-03,1,no,yes,,,
53,Rouen,Normandy,FR,49.44313,1.09932,74269,154320,0.481,26140,2026-09-27,8,no,yes,,,
54,Libourne,New Aquitaine,FR,44.91449,-0.24186,73803,74778,0.987,10803,2026-08-10,1,no,yes,,,
55,Kilkenny,Leinster,IE,52.65417,-7.25222,73765,79058,0.933,20618,2026-05-06,1,no,yes,,,
56,Bourges,Centre-Val de Loire,FR,47.08333,2.4,73715,87086,0.846,14757,2026-08-05,1,no,yes,,,
57,Taipei,Taiwan,TW,25.05306,121.52639,70734,179504,0.394,5962,2026-09-03,7,yes,no,taipei--taiwan,1,5.0
58,Saint-Dizier,Grand Est,FR,48.63773,4.94892,70212,147568,0.476,28041,2026-07-23,1,no,yes,,,
59,Waterloo,Iowa,US,42.49276,-92.34296,69541,373839,0.186,6231,2026-04-21,2,no,yes,,,
60,Ottumwa,Iowa,US,41.02001,-92.4113,69308,69308,1.0,10350,2024-11-28,1,no,yes,,,
61,Cavaillon,Provence-Alpes-Côte d'Azur,FR,43.83125,5.03586,68870,155549,0.443,5709,2026-06-15,1,no,yes,,,
62,Leuven,Flanders,BE,50.87959,4.70093,66513,66767,0.996,3844,2026-09-23,11,yes,no,brussels--belgium,0,24.1
63,Toronto,Ontario,CA,43.70643,-79.39864,65866,70398,0.936,5212,2026-09-13,87,yes,no,toronto--ontario--canada,1,2.2
64,Brno,South Moravian,CZ,49.19522,16.60796,65346,66617,0.981,8356,2026-08-30,8,no,yes,,,
65,Lunel,Occitanie,FR,43.67778,4.13611,63319,90997,0.696,9526,2026-09-16,1,no,yes,,,
66,Nice,Provence-Alpes-Côte d'Azur,FR,43.70313,7.26608,62479,193635,0.323,7695,2026-09-16,14,no,yes,,,
67,Marshalltown,Iowa,US,42.04943,-92.90798,60947,60947,1.0,7340,2025-08-16,1,no,yes,,,
68,Manosque,Provence-Alpes-Côte d'Azur,FR,43.82883,5.78688,59937,126173,0.475,10131,2026-09-30,1,no,yes,,,
69,Aix-en-Provence,Provence-Alpes-Côte d'Azur,FR,43.5283,5.44973,59504,161469,0.369,6119,2026-09-12,3,no,yes,,,
70,Vannes,Brittany,FR,47.65688,-2.76205,59304,169533,0.35,12071,2026-07-27,1,no,yes,,,
71,Oklahoma City,Oklahoma,US,35.46756,-97.51643,58516,58518,1.0,6666,2024-07-09,5,yes,no,oklahoma-city--oklahoma--united-states,1,3.9
72,Dijon,Bourgogne,FR,47.31344,5.01391,57830,66656,0.868,5476,2026-09-08,2,no,yes,,,
73,Évry,Île-de-France,FR,48.6328,2.44049,57094,85524,0.668,8598,2026-09-22,8,no,yes,,,
74,Norman,Oklahoma,US,35.22257,-97.43948,55668,55668,1.0,6828,2024-07-09,1,no,yes,,,
75,Reutlingen,Baden-Wurttemberg,DE,48.49144,9.20427,54634,60602,0.902,5198,2026-09-05,8,no,yes,,,
76,Pont-à-Mousson,Grand Est,FR,48.90702,6.05635,54239,62454,0.868,10957,2026-08-21,1,no,yes,,,
77,Compiègne,Hauts-de-France,FR,49.41794,2.82606,53530,58278,0.919,6281,2026-09-14,1,no,yes,,,
78,Newton,Iowa,US,41.69971,-93.04798,53011,54579,0.971,6146,2026-03-19,1,no,yes,,,
79,Hasselt,Flanders,BE,50.93106,5.33781,49577,49763,0.996,2177,2026-08-17,5,no,yes,,,
80,Genk,Flanders,BE,50.965,5.50082,47692,48997,0.973,3169,2026-08-17,10,no,yes,,,
81,La Roche-sur-Yon,Pays de la Loire,FR,46.66974,-1.42757,47512,169826,0.28,4109,2026-08-21,1,no,yes,,,
82,Kansas City,Missouri,US,39.09973,-94.57857,46545,46604,0.999,5524,2025-07-15,6,yes,no,kansas-city--missouri--united-states,1,0.9
83,Martigues,Provence-Alpes-Côte d'Azur,FR,43.40735,5.05526,45338,53652,0.845,5834,2026-08-27,5,no,yes,,,
84,Toul,Grand Est,FR,48.68075,5.89115,45152,59395,0.76,3679,2026-08-29,3,no,yes,,,
85,Cluses,Rhône-Alpes,FR,46.06251,6.57497,45128,140795,0.321,7336,2026-08-18,2,no,yes,,,
86,Madison,Wisconsin,US,43.07305,-89.40123,43360,59944,0.723,5399,2026-05-02,4,yes,no,madison--wisconsin--united-states,1,1.3
87,Adapazarı,Sakarya,TR,40.78056,30.40333,43170,43198,0.999,4077,2026-06-14,3,no,yes,,,
88,Marignane,Provence-Alpes-Côte d'Azur,FR,43.41727,5.21462,42282,96340,0.439,3754,2026-04-29,1,no,yes,,,
89,Saint-Étienne,Rhône-Alpes,FR,45.43389,4.39,42184,134808,0.313,12243,2026-09-11,3,no,yes,,,
90,Rochefort,New Aquitaine,FR,45.94304,-0.96774,42014,49804,0.844,4333,2026-08-28,1,no,yes,,,
91,Fréjus,Provence-Alpes-Côte d'Azur,FR,43.43325,6.73555,42000,79360,0.529,7193,2026-06-17,2,no,yes,,,
92,Aalst,Flanders,BE,50.93604,4.0355,40836,46093,0.886,2092,2026-09-26,10,no,yes,,,
93,Voiron,Rhône-Alpes,FR,45.36471,5.5856,40614,53013,0.766,4054,2026-07-02,1,no,yes,,,
94,Schweinfurt,Bavaria,DE,50.04937,10.22175,40241,41918,0.96,7568,2026-06-22,2,no,yes,,,
95,Stuttgart,Baden-Wurttemberg,DE,48.78232,9.17702,38749,43334,0.894,3279,2026-09-03,25,no,yes,,,
96,Draguignan,Provence-Alpes-Côte d'Azur,FR,43.53692,6.46458,38581,61199,0.63,6621,2026-06-17,1,no,yes,,,
97,Gap,Provence-Alpes-Côte d'Azur,FR,44.55858,6.07868,38181,47098,0.811,3213,2026-02-02,1,no,yes,,,
98,Hamburg,Hamburg,DE,53.55073,9.99302,38010,283755,0.134,5621,2026-09-25,45,no,yes,,,
99,Novi Sad,Vojvodina,RS,45.25167,19.83694,38004,81963,0.464,3812,2025-12-25,2,no,yes,,,
100,Livorno,Tuscany,IT,43.54427,10.32615,37240,91792,0.406,5160,2025-12-31,3,no,yes,,,
101,Überlingen,Baden-Wurttemberg,DE,47.76977,9.17136,37215,148935,0.25,15643,2026-03-15,2,no,yes,,,
102,Mason City,Iowa,US,43.15357,-93.20104,35013,35013,1.0,2132,2026-01-31,1,no,yes,,,
103,Uppsala,Uppsala,SE,59.85882,17.63889,34910,35021,0.997,4577,2026-09-13,2,no,yes,,,
104,Bursa,Bursa Province,TR,40.19559,29.06013,34584,35409,0.977,6162,2026-06-07,5,no,yes,,,
105,Nancy,Grand Est,FR,48.68439,6.18496,33959,112530,0.302,4282,2026-08-28,2,no,yes,,,
106,Hannover,Lower Saxony,DE,52.37052,9.73322,33793,37395,0.904,6031,2026-09-02,16,no,yes,,,
107,Szolnok,Jász-Nagykun-Szolnok,HU,47.18066,20.19835,33148,33196,0.999,7281,2025-08-25,1,no,yes,,,
108,Colmar,Grand Est,FR,48.08078,7.35584,33050,39455,0.838,9369,2026-08-29,1,no,yes,,,
109,Liège,Wallonia,BE,50.63373,5.56749,32938,33919,0.971,1327,2026-07-21,10,no,yes,,,
110,Independence,Missouri,US,39.09112,-94.41551,32534,74023,0.44,9787,2025-07-15,3,yes,no,kansas-city--missouri--united-states,1,13.8
111,Sremska Mitrovica,Vojvodina,RS,44.97639,19.61222,32409,85774,0.378,4044,2025-07-20,2,no,yes,,,
112,Vesoul,Bourgogne,FR,47.62604,6.14251,32202,40480,0.796,3451,2026-04-19,1,no,yes,,,
113,Fulda,Hesse,DE,50.55162,9.67518,32175,35048,0.918,4204,2026-09-27,3,no,yes,,,
114,Omaha,Nebraska,US,41.25626,-95.94043,32152,41159,0.781,4290,2026-03-28,4,yes,no,omaha--nebraska--united-states,1,5.3
115,Metz,Grand Est,FR,49.11911,6.17269,31080,36133,0.86,3826,2026-08-29,2,no,yes,,,
116,Orange,Provence-Alpes-Côte d'Azur,FR,44.13806,4.81025,31038,434382,0.071,5511,2026-08-12,1,no,yes,,,
117,Vitry-le-François,Grand Est,FR,48.72472,4.58439,31004,32083,0.966,7202,2026-07-23,1,no,yes,,,
118,Kortenberg,Flanders,BE,50.88982,4.54353,30955,32913,0.941,2259,2026-09-23,1,yes,no,brussels--belgium,0,13.9
119,Saintes,New Aquitaine,FR,45.74742,-0.63489,30925,39017,0.793,3153,2026-05-20,1,no,yes,,,
120,Würzburg,Bavaria,DE,49.79391,9.95121,30648,40330,0.76,4184,2026-06-12,1,no,yes,,,
121,Liberty,Missouri,US,39.24611,-94.41912,30068,30068,1.0,3788,2025-06-29,2,yes,no,kansas-city--missouri--united-states,1,21.8
122,Muscatine,Iowa,US,41.42447,-91.04321,29658,29658,1.0,4868,2024-06-27,1,no,yes,,,
123,Wiesloch,Baden-Wurttemberg,DE,49.29504,8.69846,29553,74601,0.396,6957,2026-09-26,3,no,yes,,,
124,Valenciennes,Hauts-de-France,FR,50.35909,3.52506,29354,34531,0.85,14990,2026-08-16,3,no,yes,,,
125,Villefranche-sur-Saône,Rhône-Alpes,FR,45.98967,4.71961,29009,113243,0.256,3165,2026-09-28,1,no,yes,,,
126,Pforzheim,Baden-Wurttemberg,DE,48.88436,8.69892,27843,28540,0.976,3819,2026-09-26,4,no,yes,,,
127,Salt Lake City,Utah,US,40.76078,-111.89105,27637,28210,0.98,8458,2025-10-28,14,yes,no,salt-lake-city--utah--united-states,1,3.1
128,Gent,Flanders,BE,51.05,3.71667,27237,32237,0.845,1419,2026-09-27,12,no,yes,,,
129,Newport,Wales,GB,51.58774,-2.99835,27101,27139,0.999,1617,2026-01-29,13,no,yes,,,
130,Mulhouse,Grand Est,FR,47.75205,7.32866,26757,35790,0.748,3483,2026-08-29,3,no,yes,,,
131,Fort Dodge,Iowa,US,42.49747,-94.16802,26449,26449,1.0,4740,2024-11-16,1,no,yes,,,
132,Thionville,Grand Est,FR,49.35994,6.16044,26063,28533,0.913,2280,2026-08-28,3,no,yes,,,
133,Flémalle-Haute,Wallonia,BE,50.59994,5.44471,25038,30285,0.827,2159,2026-09-26,3,no,yes,,,
134,Karlsruhe,Baden-Wurttemberg,DE,49.00937,8.40444,24594,147781,0.166,2647,2026-09-26,5,no,yes,,,
135,Troyes,Grand Est,FR,48.30073,4.08524,24117,30321,0.795,1969,2026-04-02,1,no,yes,,,
136,Seraing,Wallonia,BE,50.58362,5.50115,24090,32456,0.742,2826,2026-09-12,7,no,yes,,,
137,Rennes,Brittany,FR,48.11109,-1.67431,23083,768004,0.03,2763,2026-09-19,2,no,yes,,,
138,Bremerton,Washington,US,47.56732,-122.63264,23004,41208,0.558,5350,2026-07-29,3,yes,no,bremerton--washington--united-states,1,6.3
139,Geneva,Geneva,CH,46.20222,6.14569,22672,42763,0.53,4512,2026-09-20,7,no,yes,,,
140,Turnhout,Flanders,BE,51.32254,4.94471,22109,23011,0.961,2183,2026-09-23,9,no,yes,,,
141,Mâcon,Bourgogne,FR,46.31407,4.82823,22101,29181,0.757,2690,2026-09-17,1,no,yes,,,
142,Le Mans,Pays de la Loire,FR,48.0021,0.20251,21589,55295,0.39,2036,2026-06-10,1,no,yes,,,
143,Eindhoven,North Brabant,NL,51.44083,5.47778,21420,71491,0.3,2561,2026-09-21,10,no,yes,,,
144,Oudenaarde,Flanders,BE,50.85168,3.60891,21386,167997,0.127,1528,2026-07-18,4,no,yes,,,
145,Auxerre,Bourgogne,FR,47.7996,3.57033,21253,149261,0.142,1921,2026-07-24,1,no,yes,,,
146,Clermont-Ferrand,Rhône-Alpes,FR,45.77969,3.08682,21216,403116,0.053,3281,2026-08-20,4,no,yes,,,
147,Chambéry,Rhône-Alpes,FR,45.56628,5.92079,20991,172856,0.121,9462,2026-06-05,2,no,yes,,,
148,La Teste-de-Buch,New Aquitaine,FR,44.63278,-1.14513,20750,246610,0.084,4786,2025-10-02,2,no,yes,,,
149,Bayeux,Normandy,FR,49.27732,-0.7039,20426,137544,0.149,2030,2026-09-13,1,no,yes,,,
150,Amiens,Hauts-de-France,FR,49.9,2.3,20048,254871,0.079,2057,2026-05-23,1,no,yes,,,
151,Goussainville,Île-de-France,FR,49.01367,2.46595,19781,46661,0.424,1831,2026-08-18,2,yes,no,paris--ile-de-france--france,1,19.8
152,Olomouc,Olomouc Region,CZ,49.59552,17.25175,19743,19829,0.996,1523,2026-08-08,2,no,yes,,,
153,Dole,Bourgogne,FR,47.09225,5.48966,19497,42612,0.458,1833,2026-09-13,1,no,yes,,,
154,Tekirdağ,Tekirdağ,TR,40.9781,27.51101,19440,19451,0.999,3478,2026-06-21,1,no,yes,,,
155,Schwäbisch Hall,Baden-Wurttemberg,DE,49.11127,9.73908,19201,22520,0.853,2718,2026-04-03,3,no,yes,,,
156,Šabac,Central Serbia,RS,44.74667,19.69,19144,28637,0.669,2411,2025-07-18,1,no,yes,,,
157,Espoo,Uusimaa,FI,60.2052,24.6522,18710,68412,0.273,2037,2026-09-29,12,no,yes,,,
158,João Monlevade,Minas Gerais,BR,-19.81,-43.17361,18702,46412,0.403,7260,2026-06-29,2,no,yes,,,
159,Salon-de-Provence,Provence-Alpes-Côte d'Azur,FR,43.64229,5.09478,18614,185238,0.1,2365,2026-08-27,1,no,yes,,,
160,Namur,Wallonia,BE,50.4669,4.86746,18511,23709,0.781,1205,2026-09-06,3,no,yes,,,
161,Arlon,Wallonia,BE,49.68333,5.81667,18359,28474,0.645,2188,2026-08-15,1,no,yes,,,
162,Mandelieu-la-Napoule,Provence-Alpes-Côte d'Azur,FR,43.54577,6.93734,18223,92111,0.198,1817,2026-09-16,1,no,yes,,,
163,Niš,Central Serbia,RS,43.32472,21.90333,18136,40924,0.443,13269,2025-06-21,1,no,yes,,,
164,Valjevo,Central Serbia,RS,44.27513,19.89821,18120,38656,0.469,5899,2026-03-06,1,no,yes,,,
165,Istanbul,Istanbul,TR,41.01384,28.94966,18056,20558,0.878,2827,2026-06-22,14,yes,no,istanbul--marmara-region--turkey,1,2.4
166,Bourg-en-Bresse,Rhône-Alpes,FR,46.20574,5.2258,17965,33651,0.534,2641,2026-07-26,1,no,yes,,,
167,Obrenovac,Central Serbia,RS,44.65486,20.20017,17837,45198,0.395,1877,2026-03-14,1,no,yes,,,
168,Gebze,Kocaeli,TR,40.80276,29.43068,17836,18955,0.941,2754,2026-08-02,2,no,yes,,,
169,Blois,Centre-Val de Loire,FR,47.59432,1.32912,17511,83544,0.21,2023,2026-09-26,1,no,yes,,,
170,Davenport,Iowa,US,41.52364,-90.57764,17413,17429,0.999,3936,2025-09-20,5,no,yes,,,
171,Heilbronn,Baden-Wurttemberg,DE,49.13995,9.22054,17321,18878,0.918,1946,2026-05-26,4,no,yes,,,
172,Chalon-sur-Saône,Bourgogne,FR,46.78112,4.85372,17054,53760,0.317,1862,2026-09-17,1,no,yes,,,
173,Pau,New Aquitaine,FR,43.31117,-0.35583,16777,114342,0.147,2459,2026-08-12,1,no,yes,,,
174,Salzburg,State of Salzburg,AT,47.79941,13.04399,16673,16848,0.99,1881,2026-09-12,3,no,yes,,,
175,Bydgoszcz,Kujawsko-Pomorskie,PL,53.1235,18.00762,16516,16593,0.995,3256,2026-09-17,3,no,yes,,,
176,Schwäbisch Gmünd,Baden-Wurttemberg,DE,48.79947,9.79809,16492,18257,0.903,2097,2026-05-22,7,no,yes,,,
177,Karlovac,Karlovac,HR,45.49167,15.55,16467,78789,0.209,2157,2026-08-02,1,no,yes,,,
178,Vernon,Normandy,FR,49.09292,1.46332,16451,30271,0.543,4432,2026-08-04,1,no,yes,,,
179,Oslo,Oslo,NO,59.91273,10.74609,16285,28734,0.567,4452,2026-09-09,2,no,yes,,,
180,Magdeburg,Saxony-Anhalt,DE,52.13129,11.63189,16197,16743,0.967,2008,2026-07-27,2,no,yes,,,
181,Kikinda,Vojvodina,RS,45.82972,20.46528,16177,18516,0.874,6249,2025-02-15,1,no,yes,,,
182,Albert Lea,Minnesota,US,43.64801,-93.36827,16158,29376,0.55,2754,2026-03-29,1,yes,no,alden--minnesota--united-states,1,16.9
183,Belfort,Bourgogne,FR,47.64218,6.85385,15960,17833,0.895,861,2026-09-30,3,no,yes,,,
184,Indianola,Iowa,US,41.35805,-93.55744,15840,15840,1.0,1794,2024-06-27,1,yes,no,bevington--iowa--united-states,1,19.5
185,Saint-Maximin-la-Sainte-Baume,Provence-Alpes-Côte d'Azur,FR,43.44813,5.86081,15515,22402,0.693,5350,2026-06-13,2,no,yes,,,
186,La Rochelle,New Aquitaine,FR,46.16308,-1.15222,15478,31427,0.493,1705,2026-09-18,1,no,yes,,,
187,Merksem,Flanders,BE,51.24623,4.44903,15018,20637,0.728,1984,2026-08-10,7,no,yes,,,
188,Digne-les-Bains,Provence-Alpes-Côte d'Azur,FR,44.09252,6.23199,14848,27729,0.535,3215,2026-02-26,1,no,yes,,,
189,Annonay,Rhône-Alpes,FR,45.23992,4.6707,14750,20312,0.726,3237,2026-09-23,1,no,yes,,,
190,Baden-Baden,Baden-Wurttemberg,DE,48.7606,8.23975,14705,29729,0.495,1197,2026-09-27,4,no,yes,,,
191,Iowa City,Iowa,US,41.66113,-91.53017,14694,16123,0.911,3309,2025-12-22,3,yes,no,lone-tree--iowa--united-states,1,21.1
192,Mainz,Rheinland-Pfalz,DE,49.98185,8.28008,14647,26624,0.55,2051,2026-09-29,21,no,yes,,,
193,Limassol,Limassol,CY,34.68406,33.03794,14566,17718,0.822,2358,2026-05-31,3,no,yes,,,
194,Dammarie-les-Lys,Île-de-France,FR,48.51667,2.65,14467,21594,0.67,6337,2026-09-18,4,no,yes,,,
195,Dunaújváros,Fejér,HU,46.96479,18.93974,14364,14858,0.967,5527,2025-09-10,1,no,yes,,,
196,Zaječar,Central Serbia,RS,43.90358,22.26405,14362,53781,0.267,9634,2025-08-10,1,no,yes,,,
197,Taoyuan,Taiwan,TW,24.99368,121.29696,14240,51314,0.278,1325,2026-08-14,6,no,yes,,,
198,Arras,Hauts-de-France,FR,50.29301,2.78186,14047,36166,0.388,4666,2026-08-02,5,no,yes,,,
199,Saint-Malo,Brittany,FR,48.64738,-2.00877,14032,68986,0.203,3595,2026-07-12,1,no,yes,,,
200,Tacoma,Washington,US,47.25288,-122.44429,14030,20832,0.673,3511,2026-08-19,9,yes,no,tacoma--washington--united-states,1,0.9
201,Halle (Saale),Saxony-Anhalt,DE,51.48158,11.97947,14011,35212,0.398,3562,2026-05-22,3,no,yes,,,
202,Sète,Occitanie,FR,43.4028,3.69278,13972,21703,0.644,1316,2026-09-23,2,no,yes,,,
203,Carpentras,Provence-Alpes-Côte d'Azur,FR,44.05507,5.04813,13849,218683,0.063,3261,2026-08-12,1,no,yes,,,
204,Albertville,Rhône-Alpes,FR,45.67452,6.39061,13740,112294,0.122,3036,2026-07-30,1,no,yes,,,
205,Bastia,Corsica,FR,42.70219,9.45123,13639,29477,0.463,1317,2026-08-05,1,no,yes,,,
206,Owatonna,Minnesota,US,44.08385,-93.22604,13298,15236,0.873,6710,2026-03-29,1,no,yes,,,
207,Les Sables-d'Olonne,Pays de la Loire,FR,46.49687,-1.7847,13236,37751,0.351,1314,2026-09-14,1,no,yes,,,
208,Châteaudun,Centre-Val de Loire,FR,48.07086,1.33783,13157,41538,0.317,1236,2026-08-01,1,no,yes,,,
209,Esztergom,Komárom-Esztergom,HU,47.7928,18.74148,13071,14122,0.926,3513,2026-08-16,1,no,yes,,,
210,La Louvière,Wallonia,BE,50.48657,4.18785,13058,17028,0.767,1425,2026-08-16,5,no,yes,,,
211,Landau in der Pfalz,Rheinland-Pfalz,DE,49.19844,8.11692,12994,19976,0.65,2092,2026-09-26,3,no,yes,,,
212,Jagodina,Central Serbia,RS,43.97713,21.26121,12982,29390,0.442,3155,2025-11-20,2,no,yes,,,
213,Monaco,Municipality of Monaco,MC,43.73718,7.42145,12755,106351,0.12,2204,2026-01-30,4,no,yes,,,
214,Sens,Bourgogne,FR,48.19738,3.28328,12726,49395,0.258,1139,2026-08-30,1,no,yes,,,
215,Bellingham,Washington,US,48.75955,-122.48822,12720,17803,0.714,1235,2025-08-18,1,yes,no,bellingham--washington--united-states,1,0.9
216,Sittard,Limburg,NL,50.99833,5.86944,12507,17867,0.7,950,2026-06-18,3,no,yes,,,
217,Markham,Ontario,CA,43.86682,-79.2663,12482,13685,0.912,1814,2026-08-20,2,yes,no,toronto--ontario--canada,1,18.8
218,Port Angeles,Washington,US,48.11815,-123.43074,12478,12506,0.998,4275,2026-02-15,1,yes,no,port-angeles--washington--united-states,1,6.5
219,Ajaccio,Corsica,FR,41.91886,8.73812,12462,105257,0.118,3045,2025-08-09,1,no,yes,,,
220,Seattle,Washington,US,47.60621,-122.33207,12446,18316,0.68,3055,2026-09-17,14,yes,no,seattle--washington--united-states,1,0.8
221,Droichead Nua,Leinster,IE,53.18194,-6.79667,12428,12432,1.0,1155,2026-08-14,3,no,yes,,,
222,Cardiff,Wales,GB,51.48,-3.18,12243,12863,0.952,1453,2026-01-29,3,no,yes,,,
223,Nuremberg,Bavaria,DE,49.45421,11.07752,12196,12741,0.957,4194,2026-08-08,8,no,yes,,,
224,Immokalee,Florida,US,26.41869,-81.4173,12134,14171,0.856,9629,2026-08-18,1,no,yes,,,
225,Lisieux,Normandy,FR,49.1466,0.22925,12050,146326,0.082,985,2026-05-03,1,no,yes,,,
226,Tarbes,Occitanie,FR,43.23407,0.07139,11978,17110,0.7,1900,2026-08-12,2,no,yes,,,
227,Worcester,England,GB,52.18935,-2.22001,11928,12238,0.975,2234,2026-04-03,2,no,yes,,,
228,Dublin,Leinster,IE,53.33306,-6.24889,11549,13958,0.827,3313,2026-08-14,10,no,yes,,,
229,Cholet,Pays de la Loire,FR,47.05893,-0.87974,11499,241621,0.048,1529,2026-08-21,1,no,yes,,,
230,Millau,Occitanie,FR,44.09973,3.07848,11391,25469,0.447,2078,2026-08-15,1,no,yes,,,
231,Évreux,Normandy,FR,49.02414,1.15082,11336,250783,0.045,714,2026-09-24,1,no,yes,,,
232,Ouro Preto,Minas Gerais,BR,-20.39484,-43.50517,11268,11268,1.0,3586,2026-09-25,2,no,yes,,,
233,Saint-Lô,Normandy,FR,49.11624,-1.09031,11222,62162,0.181,2011,2026-08-18,1,no,yes,,,
234,Zürich,Zurich,CH,47.36667,8.55,11159,52984,0.211,2761,2026-09-20,29,yes,no,zurich--zurich--switzerland,1,1.1
235,Mont-de-Marsan,New Aquitaine,FR,43.89022,-0.49713,11151,13186,0.846,2403,2026-04-22,1,no,yes,,,
236,Tainan,Taiwan,TW,22.99083,120.21333,11132,17187,0.648,1250,2026-06-19,2,yes,no,tainan--taiwan,1,22.3
237,Yilan,Taiwan,TW,24.757,121.753,11072,12414,0.892,2143,2026-09-11,1,no,yes,,,
238,Hansestadt Salzwedel,Saxony-Anhalt,DE,52.85297,11.15287,10934,11337,0.964,444,2026-09-19,1,no,yes,,,
239,Poitiers,New Aquitaine,FR,46.58261,0.34348,10926,62874,0.174,2555,2026-08-28,1,no,yes,,,
240,Tournai,Wallonia,BE,50.60715,3.38932,10718,54275,0.197,3504,2026-06-27,1,no,yes,,,
241,Freudenstadt,Baden-Wurttemberg,DE,48.46695,8.41371,10687,10823,0.987,2000,2026-07-04,2,no,yes,,,
242,Dornbirn,Vorarlberg,AT,47.41427,9.74195,10658,49579,0.215,1443,2026-08-23,4,no,yes,,,
243,Vrbas,Vojvodina,RS,45.57139,19.64083,10632,24968,0.426,2179,2025-01-06,1,no,yes,,,
244,Tatabánya,Komárom-Esztergom,HU,47.59247,18.38099,10592,10955,0.967,3584,2026-05-13,2,no,yes,,,
245,Lohr am Main,Bavaria,DE,49.98922,9.57223,10542,10650,0.99,2469,2026-07-14,2,no,yes,,,
246,Bensheim,Hesse,DE,49.68369,8.61839,10524,29677,0.355,3306,2026-09-19,5,no,yes,,,
247,Valence,Rhône-Alpes,FR,44.9256,4.90956,10509,73410,0.143,1312,2026-09-05,3,no,yes,,,
248,Lorient,Brittany,FR,47.74817,-3.37177,10381,37235,0.279,3188,2026-08-21,3,no,yes,,,
249,Leipzig,Saxony,DE,51.33962,12.37129,10331,15365,0.672,1414,2026-04-03,3,no,yes,,,
250,Fontenay-le-Comte,Pays de la Loire,FR,46.46671,-0.80624,10198,31665,0.322,1062,2026-08-23,1,no,yes,,,
251,Wangen,Baden-Wurttemberg,DE,47.6895,9.83247,10115,17243,0.587,2250,2026-03-24,1,no,yes,,,
252,Cognac,New Aquitaine,FR,45.69581,-0.32867,10076,12449,0.809,945,2026-05-20,1,no,yes,,,
253,Portlaoise,Leinster,IE,53.03441,-7.29979,10054,10068,0.999,925,2026-07-03,1,no,yes,,,
254,Vienna,State of Vienna,AT,48.20849,16.37208,10000,31936,0.313,1529,2026-09-15,24,yes,no,vienna--state-of-vienna--austria,1,1.4
255,Louviers,Normandy,FR,49.21667,1.16667,9989,21204,0.471,646,2026-04-08,1,no,yes,,,
256,Les Herbiers,Pays de la Loire,FR,46.87095,-1.0156,9988,46042,0.217,1039,2026-08-21,1,no,yes,,,
257,Frankfurt am Main,Hesse,DE,50.11552,8.68417,9872,53990,0.183,1669,2026-08-16,13,no,yes,,,
258,Keelung,Taiwan,TW,25.13089,121.74094,9745,17258,0.565,1070,2026-06-13,1,yes,no,taipei--taiwan,1,18.8
259,Córdoba,Cordoba,AR,-31.40648,-64.18853,9606,9627,0.998,1110,2026-08-22,3,no,yes,,,
260,Niort,New Aquitaine,FR,46.32313,-0.45877,9499,34136,0.278,1614,2026-08-28,1,no,yes,,,
261,Hranice,Olomouc Region,CZ,49.54796,17.73469,9464,9509,0.995,753,2026-05-04,1,no,yes,,,
262,Loznica,Central Serbia,RS,44.53118,19.24267,9434,13502,0.699,1237,2025-07-18,1,no,yes,,,
263,Stephenville,Texas,US,32.2207,-98.20226,9417,9417,1.0,2517,2025-03-10,1,no,yes,,,
264,Horb am Neckar,Baden-Wurttemberg,DE,48.44423,8.6913,9251,14680,0.63,1602,2025-12-23,1,no,yes,,,
265,Minneapolis,Minnesota,US,44.97997,-93.26384,9220,56994,0.162,723,2026-05-04,13,yes,no,minneapolis--minnesota--united-states,1,0.3
266,Vendôme,Centre-Val de Loire,FR,47.79292,1.06556,9160,58479,0.157,818,2026-08-01,1,no,yes,,,
267,Lommel,Flanders,BE,51.23074,5.31349,9079,13204,0.688,563,2026-08-07,2,no,yes,,,
268,Agde,Occitanie,FR,43.31083,3.47583,8927,84137,0.106,1146,2026-09-23,1,no,yes,,,
269,Carcassonne,Occitanie,FR,43.21649,2.34863,8861,13886,0.638,766,2026-06-02,1,no,yes,,,
270,Bexley,England,GB,51.44162,0.14866,8825,10096,0.874,2181,2026-09-27,38,yes,no,london--england--united-kingdom,1,17.2
271,London,England,GB,51.50853,-0.12574,8803,23786,0.37,2079,2026-09-27,56,yes,no,london--england--united-kingdom,1,3.4
272,Blanes,Catalonia,ES,41.67419,2.79036,8717,9696,0.899,3309,2026-03-04,5,no,yes,,,
273,Béziers,Occitanie,FR,43.34122,3.21402,8716,19456,0.448,932,2026-08-08,1,no,yes,,,
274,Eberbach,Baden-Wurttemberg,DE,49.4668,8.99016,8712,8773,0.993,1093,2025-09-12,1,no,yes,,,
275,La Flèche,Pays de la Loire,FR,47.69815,-0.07553,8683,23087,0.376,1143,2025-08-04,1,no,yes,,,
276,Neugraben-Fischbek,Hamburg,DE,53.46579,9.84344,8670,182430,0.048,3462,2026-09-25,3,no,yes,,,
277,Gemlik,Bursa Province,TR,40.43094,29.15969,8533,9840,0.867,1981,2026-06-07,2,no,yes,,,
278,Châteauroux,Centre-Val de Loire,FR,46.81248,1.69362,8449,12669,0.667,1154,2026-06-11,1,no,yes,,,
279,Royan,New Aquitaine,FR,45.62811,-1.03153,8395,25603,0.328,1217,2026-08-01,1,no,yes,,,
280,Challans,Pays de la Loire,FR,46.8458,-1.87942,8283,68931,0.12,883,2026-05-11,1,no,yes,,,
281,Essen,North Rhine-Westphalia,DE,51.45657,7.01228,8278,26480,0.313,1400,2026-09-25,8,no,yes,,,
282,Venado Tuerto,Santa Fe,AR,-33.74585,-61.96711,8271,8272,1.0,2544,2026-05-30,1,no,yes,,,
283,Sandy Hills,Utah,US,40.58106,-111.85077,8194,8198,1.0,2246,2025-09-01,1,yes,no,kearns--utah--united-states,1,15.2
284,Dunkirk,Hauts-de-France,FR,51.0344,2.37681,8139,17755,0.458,1432,2026-09-10,4,no,yes,,,
285,Přerov,Olomouc Region,CZ,49.45511,17.4509,8071,8082,0.999,769,2026-05-05,1,no,yes,,,
286,Haderslev,South Denmark,DK,55.24943,9.48771,7961,10958,0.727,479,2026-07-01,1,no,yes,,,
287,Innsbruck,Tyrol,AT,47.26266,11.39454,7912,13345,0.593,4084,2026-10-01,4,no,yes,,,
288,Berlin,State of Berlin,DE,52.52437,13.41053,7760,67543,0.115,2451,2026-09-29,43,yes,no,berlin--state-of-berlin--germany,1,2.2
289,İzmit,Kocaeli,TR,40.76499,29.92928,7692,8322,0.924,909,2026-08-02,4,no,yes,,,
290,Geislingen an der Steige,Baden-Wurttemberg,DE,48.62423,9.82736,7688,7788,0.987,908,2026-04-12,1,no,yes,,,
291,Villeneuve-sur-Lot,New Aquitaine,FR,44.40854,0.70415,7688,98284,0.078,1047,2026-08-02,1,no,yes,,,
292,Vierzon,Centre-Val de Loire,FR,47.22186,2.0684,7682,14654,0.524,1174,2026-07-21,1,no,yes,,,
293,Santa Helena de Goiás,Goiás,BR,-17.81361,-50.59694,7669,7669,1.0,3204,2026-05-26,1,no,yes,,,
294,Zrenjanin,Vojvodina,RS,45.38361,20.38194,7646,12136,0.63,1372,2025-02-15,1,no,yes,,,
295,Illertissen,Bavaria,DE,48.22336,10.10347,7636,9465,0.807,861,2026-09-08,1,no,yes,,,
296,Smederevo,Central Serbia,RS,44.66436,20.92763,7602,31567,0.241,1818,2025-12-23,1,no,yes,,,
297,Osijek,County of Osijek-Baranja,HR,45.55066,18.6942,7544,35759,0.211,1154,2026-08-16,1,no,yes,,,
298,Roses,Catalonia,ES,42.26199,3.17689,7533,14327,0.526,903,2026-06-09,1,no,yes,,,
299,Alès,Occitanie,FR,44.12489,4.08082,7506,58559,0.128,733,2026-07-06,1,no,yes,,,
300,Rosario,Santa Fe,AR,-32.94682,-60.63932,7472,7928,0.942,1179,2026-09-19,4,no,yes,,,
301,Kent,Washington,US,47.38093,-122.23484,7339,9274,0.791,1054,2026-08-09,4,yes,no,tacoma--washington--united-states,1,21.5
302,Río Ceballos,Cordoba,AR,-31.1697,-64.3175,7310,7314,0.999,846,2026-08-17,3,no,yes,,,
303,Aalen,Baden-Wurttemberg,DE,48.83777,10.0933,7273,7674,0.948,1453,2026-04-03,2,no,yes,,,
304,Alençon,Normandy,FR,48.43476,0.09311,7271,7472,0.973,1186,2026-06-10,1,no,yes,,,
305,Puerto Montt,Los Lagos Region,CL,-41.4693,-72.94237,7258,7258,1.0,863,2026-02-26,2,no,yes,,,
306,Montluçon,Rhône-Alpes,FR,46.34015,2.60254,7216,25889,0.279,1386,2026-07-13,1,no,yes,,,
307,Münster,North Rhine-Westphalia,DE,51.96236,7.62571,7209,7596,0.949,797,2026-02-17,2,no,yes,,,
308,Aurillac,Rhône-Alpes,FR,44.92539,2.43983,7209,25309,0.285,1005,2026-08-29,1,no,yes,,,
309,Louvain-la-Neuve,Wallonia,BE,50.66829,4.61443,7168,8391,0.854,890,2025-11-02,1,no,yes,,,
310,Duisburg,North Rhine-Westphalia,DE,51.43247,6.76516,7152,10194,0.702,1626,2026-09-12,13,no,yes,,,
311,Tilburg,North Brabant,NL,51.55551,5.0913,7095,12750,0.556,1284,2026-06-07,4,no,yes,,,
312,Balen,Flanders,BE,51.16837,5.17027,7088,7499,0.945,721,2026-08-07,1,no,yes,,,
313,Faenza,Emilia-Romagna,IT,44.29007,11.87948,6894,7051,0.978,3652,2025-09-22,1,no,yes,,,
314,Deinze,Flanders,BE,50.98175,3.53096,6738,8876,0.759,694,2026-08-27,5,no,yes,,,
315,Moulins,Rhône-Alpes,FR,46.56459,3.33243,6674,37298,0.179,3773,2026-08-07,1,no,yes,,,
316,Madrid,Madrid,ES,40.4165,-3.70256,6670,11126,0.599,2042,2026-05-13,119,yes,no,madrid--spain,1,6.8
317,Rio Verde,Goiás,BR,-17.79806,-50.92806,6649,6649,1.0,2312,2026-05-17,1,no,yes,,,
318,Apeldoorn,Gelderland,NL,52.21,5.96944,6642,6813,0.975,2764,2026-07-23,3,no,yes,,,
319,La Rioja,La Rioja,AR,-29.41328,-66.85637,6625,6643,0.997,938,2026-03-30,1,no,yes,,,
320,Padua,Veneto,IT,45.40797,11.88586,6522,7816,0.834,1818,2026-05-13,4,no,yes,,,
321,Stockholm,Stockholm,SE,59.32938,18.06871,6490,7252,0.895,1454,2026-07-30,18,no,yes,,,
322,Friedrichshafen,Baden-Wurttemberg,DE,47.65689,9.47554,6479,102634,0.063,2142,2026-04-29,1,no,yes,,,
323,Vukovar,Vukovar-Srijem,HR,45.35161,19.00225,6390,23012,0.278,988,2026-08-13,1,no,yes,,,
324,Manisa,Manisa,TR,38.61202,27.42647,6354,6376,0.997,963,2026-05-28,1,no,yes,,,
325,Baden,Lower Austria,AT,48.00543,16.23264,6324,6530,0.968,1058,2026-08-19,1,no,yes,,,
326,Hazebrouck,Hauts-de-France,FR,50.72374,2.53729,6221,8942,0.696,1446,2025-12-27,2,no,yes,,,
327,Neumarkt in der Oberpfalz,Bavaria,DE,49.28028,11.46278,6201,6344,0.977,903,2026-04-04,2,no,yes,,,
328,Heerenveen,Friesland,NL,52.95929,5.91854,6177,8636,0.715,1838,2025-12-30,1,no,yes,,,
329,Pontarlier,Bourgogne,FR,46.90347,6.35542,6166,35187,0.175,986,2026-07-19,1,no,yes,,,
330,Auch,Occitanie,FR,43.64561,0.58856,6151,9037,0.681,2290,2025-12-29,1,no,yes,,,
331,Bamberg,Bavaria,DE,49.89873,10.90067,6149,7022,0.876,2438,2025-11-26,1,no,yes,,,
332,Bačka Topola,Vojvodina,RS,45.81516,19.6318,6137,8570,0.716,782,2024-08-17,1,no,yes,,,
333,Leiden,South Holland,NL,52.15833,4.49306,6126,7546,0.812,1558,2026-09-26,14,no,yes,,,
334,Creil,Hauts-de-France,FR,49.25672,2.48477,6126,87085,0.07,2029,2026-09-14,3,no,yes,,,
335,Bridgend,Wales,GB,51.50583,-3.57722,6052,6106,0.991,1242,2026-01-19,2,no,yes,,,
336,Cascina,Tuscany,IT,43.67557,10.55494,5976,11582,0.516,1412,2025-11-08,2,no,yes,,,
337,Pontivy,Brittany,FR,48.06835,-2.96645,5961,9168,0.65,624,2026-07-27,1,no,yes,,,
338,Turin,Piedmont,IT,45.07049,7.68682,5914,6681,0.885,2418,2026-07-20,38,no,yes,,,
339,Narbonne,Occitanie,FR,43.18396,3.00141,5884,15548,0.378,655,2026-05-22,1,no,yes,,,
340,İzmir,İzmir Province,TR,38.41273,27.13838,5864,6354,0.923,1742,2026-05-28,7,no,yes,,,
341,Verviers,Wallonia,BE,50.58907,5.86241,5793,13071,0.443,851,2026-07-24,3,no,yes,,,
342,Cleburne,Texas,US,32.34764,-97.38668,5731,6529,0.878,1703,2024-12-23,1,no,yes,,,
343,Goiânia,Goiás,BR,-16.67861,-49.25389,5717,11219,0.51,1400,2026-05-01,1,yes,no,goiânia--goiás--brazil,1,0.3
344,Edmond,Oklahoma,US,35.65283,-97.4781,5698,5704,0.999,1904,2025-03-08,1,yes,no,oklahoma-city--oklahoma--united-states,1,18.9
345,Alzey,Rheinland-Pfalz,DE,49.74657,8.11513,5675,9829,0.577,3743,2026-03-08,1,no,yes,,,
346,Saint-Dié-des-Vosges,Grand Est,FR,48.28429,6.94921,5654,105710,0.053,1894,2026-06-22,1,no,yes,,,
347,Saumur,Pays de la Loire,FR,47.25931,-0.07808,5611,34311,0.164,883,2026-08-30,1,no,yes,,,
348,Hsinchu,Taiwan,TW,24.80361,120.96861,5605,25426,0.22,667,2026-08-14,2,no,yes,,,
349,Utrecht,Utrecht,NL,52.09083,5.12222,5517,7903,0.698,1543,2026-09-12,16,no,yes,,,
350,Beauvais,Hauts-de-France,FR,49.43333,2.08333,5497,80430,0.068,2103,2026-07-03,1,no,yes,,,
351,Don Torcuato,Buenos Aires,AR,-34.49459,-58.62729,5489,5490,1.0,928,2026-09-19,8,no,yes,,,
352,Subotica,Vojvodina,RS,46.1,19.66667,5467,7071,0.773,782,2025-08-28,1,no,yes,,,
353,Brugge,Flanders,BE,51.20892,3.22424,5459,14098,0.387,906,2026-08-04,4,no,yes,,,
354,Limerick,Munster,IE,52.66472,-8.62306,5403,6605,0.818,840,2026-07-03,1,no,yes,,,
355,Portland,Oregon,US,45.52345,-122.67621,5374,10123,0.531,832,2026-09-08,7,yes,no,portland--oregon--united-states,1,2.7
356,Göttingen,Lower Saxony,DE,51.53443,9.93228,5322,7140,0.745,3012,2026-07-02,1,no,yes,,,
357,Wertheim,Baden-Wurttemberg,DE,49.759,9.50852,5301,8150,0.65,985,2026-07-24,1,no,yes,,,
358,Aachen,North Rhine-Westphalia,DE,50.77664,6.08342,5215,27550,0.189,897,2026-07-22,1,no,yes,,,
359,Susurluk,Balıkesir,TR,39.91361,28.15778,5154,5164,0.998,731,2026-05-28,1,no,yes,,,
360,Most,Ústí nad Labem Region,CZ,50.50301,13.63617,5152,5825,0.884,853,2026-03-08,1,no,yes,,,
361,Belo Horizonte,Minas Gerais,BR,-19.92083,-43.93778,5140,10675,0.481,777,2026-02-09,4,no,yes,,,
362,Mons,Wallonia,BE,50.45413,3.95229,5096,15529,0.328,737,2026-06-25,3,no,yes,,,
363,Fleurus,Wallonia,BE,50.48351,4.55006,5058,9756,0.518,841,2026-09-06,2,no,yes,,,
364,Oyonnax,Rhône-Alpes,FR,46.25917,5.65727,5057,7081,0.714,658,2026-09-24,1,no,yes,,,
365,Chartres,Centre-Val de Loire,FR,48.44685,1.48925,5023,12637,0.397,1867,2026-09-16,2,no,yes,,,
366,Laon,Hauts-de-France,FR,49.5631,3.62714,4976,6000,0.829,1572,2026-09-06,1,no,no,,,
367,Nîmes,Occitanie,FR,43.83665,4.35788,4957,327730,0.015,1022,2026-09-16,1,no,no,,,
368,Schlüchtern,Hesse,DE,50.34891,9.52532,4900,7661,0.64,3066,2026-05-06,1,no,no,,,
369,Lauda-Königshofen,Baden-Wurttemberg,DE,49.56526,9.70816,4892,5403,0.905,905,2025-07-21,1,no,no,,,
370,Basel,Basel-City,CH,47.55839,7.57327,4819,17508,0.275,1247,2026-09-08,8,no,no,,,
371,Montélimar,Rhône-Alpes,FR,44.55468,4.75469,4815,21988,0.219,695,2026-08-05,1,no,no,,,
372,Teplice,Ústí nad Labem Region,CZ,50.6404,13.82451,4797,4860,0.987,1792,2026-03-08,1,no,no,,,
373,Saint-Brieuc,Brittany,FR,48.51513,-2.76838,4777,167262,0.029,544,2026-03-26,1,no,no,,,
374,Lannion,Brittany,FR,48.73264,-3.45657,4693,55562,0.084,687,2026-07-14,1,no,no,,,
375,Odense,South Denmark,DK,55.39594,10.38831,4676,9603,0.487,685,2026-07-02,1,no,no,,,
376,Akhisar,Manisa,TR,38.91852,27.84006,4665,4680,0.997,677,2026-05-28,1,no,no,,,
377,Dieppe,Normandy,FR,49.9216,1.07772,4637,30268,0.153,2333,2026-07-16,1,no,no,,,
378,Chemnitz,Saxony,DE,50.8357,12.92922,4590,5124,0.896,2254,2026-06-21,1,no,no,,,
379,Bonney Lake,Washington,US,47.17705,-122.18651,4584,9547,0.48,790,2026-04-09,1,yes,no,tacoma--washington--united-states,1,20.5
380,Argentan,Normandy,FR,48.74441,-0.02023,4572,7981,0.573,886,2026-03-02,1,no,no,,,
381,Bor,Central Serbia,RS,44.07488,22.09591,4547,4555,0.998,2254,2025-08-07,1,no,no,,,
382,Traunstein,Bavaria,DE,47.86825,12.64335,4439,4617,0.961,1058,2025-07-27,1,no,no,,,
383,Cecina,Tuscany,IT,43.30621,10.51729,4435,11287,0.393,1075,2025-12-13,1,no,no,,,
384,Saint-Ghislain,Wallonia,BE,50.44816,3.81886,4422,19303,0.229,951,2026-06-27,2,no,no,,,
385,Braunschweig,Lower Saxony,DE,52.26594,10.52673,4408,12525,0.352,1522,2026-06-07,3,no,no,,,
386,Knjazevac,Central Serbia,RS,43.56634,22.25701,4402,4419,0.996,1836,2025-08-02,1,no,no,,,
387,Marche-en-Famenne,Wallonia,BE,50.22678,5.34416,4350,5973,0.728,557,2026-05-25,1,no,no,,,
388,Bijelo Polje,Bijelo Polje,ME,43.03834,19.74758,4340,7680,0.565,556,2025-05-10,1,no,no,,,
389,Rock Springs,Wyoming,US,41.58746,-109.2029,4258,4259,1.0,624,2025-07-20,1,no,yes,,,
390,Esquel,Chubut,AR,-42.91147,-71.31947,4245,4248,0.999,947,2025-01-21,1,no,no,,,
391,Mustafakemalpaşa,Bursa Province,TR,40.03815,28.40866,4224,4232,0.998,634,2026-05-28,2,no,no,,,
392,Roanne,Rhône-Alpes,FR,46.03624,4.06802,4209,12833,0.328,1679,2025-12-04,1,no,no,,,
393,Périgueux,New Aquitaine,FR,45.18691,0.71439,4172,5208,0.801,723,2026-06-29,1,no,no,,,
394,Villefontaine,Rhône-Alpes,FR,45.61278,5.15058,4157,18658,0.223,779,2026-08-18,1,no,no,,,
395,Požarevac,Central Serbia,RS,44.62133,21.18782,4125,24101,0.171,783,2025-03-20,1,no,no,,,
396,Walcourt,Wallonia,BE,50.25401,4.43796,4114,6004,0.685,610,2026-06-26,1,no,no,,,
397,Calais,Hauts-de-France,FR,50.95194,1.85635,4058,12777,0.318,988,2025-10-25,1,no,no,,,
398,Villafranca di Verona,Veneto,IT,45.35405,10.84462,4037,4366,0.925,493,2025-12-20,2,no,no,,,
399,Montargis,Centre-Val de Loire,FR,47.99696,2.73261,4035,23618,0.171,889,2026-07-24,1,no,no,,,
400,Schramberg,Baden-Wurttemberg,DE,48.22399,8.38583,4021,4118,0.976,1434,2025-10-17,1,no,no,,,
401,Fécamp,Normandy,FR,49.75787,0.37457,4010,5297,0.757,1675,2026-06-21,1,no,no,,,
402,Užice,Central Serbia,RS,43.85861,19.84878,3992,28870,0.138,600,2024-11-13,1,no,no,,,
403,Concordia,Entre Rios,AR,-31.39195,-58.01706,3980,3996,0.996,693,2025-12-27,2,no,no,,,
404,Sioux City,Iowa,US,42.49999,-96.40031,3968,3969,1.0,1651,2023-10-21,1,no,yes,,,
405,Memmingen,Bavaria,DE,47.98372,10.18527,3964,7727,0.513,904,2026-04-04,1,no,no,,,
406,San Mateo,California,US,37.56299,-122.32553,3945,3950,0.999,638,2026-08-29,9,yes,no,san-francisco--california--united-states,1,25.0
407,Vyškov,South Moravian,CZ,49.27747,16.99897,3944,3966,0.994,335,2026-08-05,1,no,no,,,
408,Jesús María,Cordoba,AR,-30.98153,-64.09424,3927,3927,1.0,799,2026-08-08,2,no,no,,,
409,Sachsenheim,Baden-Wurttemberg,DE,48.96,9.06472,3883,6284,0.618,1463,2026-05-06,1,no,no,,,
410,Hradec Králové,Hradec Králové Region,CZ,50.20923,15.83277,3865,5462,0.708,792,2026-06-30,2,no,no,,,
411,Budva,Budva,ME,42.28721,18.83922,3839,11144,0.344,1064,2025-08-22,1,no,no,,,
412,Annecy,Rhône-Alpes,FR,45.90878,6.12565,3811,24557,0.155,824,2026-03-31,4,no,no,,,
413,Bar-le-Duc,Grand Est,FR,48.77275,5.16108,3781,8092,0.467,1357,2025-12-28,1,no,no,,,
414,Crépy-en-Valois,Hauts-de-France,FR,49.23359,2.88807,3752,4822,0.778,2324,2025-08-22,1,no,no,,,
415,Darmstadt,Hesse,DE,49.87167,8.65027,3716,21918,0.17,1495,2026-05-03,1,no,no,,,
416,Nijkerk,Gelderland,NL,52.22,5.48611,3703,6554,0.565,560,2026-03-27,2,no,no,,,
417,Issoire,Rhône-Alpes,FR,45.54422,3.24901,3675,21278,0.173,748,2026-09-20,1,no,no,,,
418,Irun,Basque Country,ES,43.33904,-1.78938,3650,19757,0.185,852,2026-06-25,2,no,no,,,
419,Negotin,Central Serbia,RS,44.22639,22.53083,3647,3686,0.989,2678,2026-08-12,1,no,no,,,
420,Akyazı,Sakarya,TR,40.685,30.62222,3630,3631,1.0,1129,2026-05-10,1,no,no,,,
421,Karasu,Sakarya,TR,41.10442,30.69664,3622,3642,0.995,758,2026-05-29,1,no,no,,,
422,Sint-Gillis-Waas,Flanders,BE,51.21914,4.12374,3612,4599,0.785,1921,2026-04-15,2,no,no,,,
423,Austin,Texas,US,30.26715,-97.74306,3592,3704,0.97,1372,2025-11-30,2,yes,no,austin--texas--united-states,1,4.5
424,Herten,North Rhine-Westphalia,DE,51.59638,7.14387,3572,6027,0.593,955,2026-05-03,2,no,no,,,
425,San Martín de los Andes,Neuquen,AR,-40.15789,-71.35337,3493,3502,0.997,849,2025-01-18,1,no,no,,,
426,Brive-la-Gaillarde,New Aquitaine,FR,45.1589,1.53326,3482,8867,0.393,361,2026-09-19,1,no,no,,,
427,Neustadt an der Weinstraße,Rheinland-Pfalz,DE,49.35009,8.13886,3439,13690,0.251,1479,2026-08-02,2,no,no,,,
428,Cahors,Occitanie,FR,44.4491,1.43663,3392,12094,0.28,466,2026-08-10,1,no,no,,,
429,Ipatinga,Minas Gerais,BR,-19.46833,-42.53667,3379,4387,0.77,568,2026-07-02,3,no,no,,,
430,Llanquihue,Los Lagos Region,CL,-41.25603,-73.00649,3344,3358,0.996,820,2026-02-26,1,no,no,,,
431,Rambouillet,Île-de-France,FR,48.64374,1.82992,3268,7779,0.42,465,2026-07-01,1,no,no,,,
432,Luxembourg,Luxembourg,LU,49.60982,6.13268,3244,9515,0.341,754,2026-08-01,2,no,no,,,
433,Basingstoke,England,GB,51.26249,-1.08708,3219,3962,0.812,1597,2026-08-04,1,no,no,,,
434,Nashville,Tennessee,US,36.16589,-86.78444,3184,9818,0.324,359,2025-11-19,1,yes,no,nashville--tennessee--united-states,1,2.3
435,Newton Abbot,England,GB,50.52858,-3.61186,3183,3507,0.908,519,2026-08-09,1,no,no,,,
436,Teófilo Otoni,Minas Gerais,BR,-17.8575,-41.50528,3173,4821,0.658,714,2026-08-15,1,no,no,,,
437,Sanremo,Liguria,IT,43.81725,7.7772,3154,6746,0.468,341,2025-12-06,1,no,no,,,
438,Smederevska Palanka,Central Serbia,RS,44.36548,20.95885,3138,7668,0.409,1358,2025-12-23,1,no,no,,,
439,Kyoto,Kyoto,JP,35.02107,135.75385,3126,20580,0.152,627,2026-02-22,5,no,no,,,
440,Sydney,New South Wales,AU,-33.86785,151.20732,3104,3332,0.932,2383,2026-09-30,20,no,no,,,
441,Trier,Rheinland-Pfalz,DE,49.75565,6.63935,3102,12405,0.25,1213,2026-05-09,2,yes,no,trier--rheinland-pfalz--germany,1,2.6
442,Silivri,Istanbul,TR,41.07393,28.24644,3100,3120,0.994,261,2026-06-21,2,no,no,,,
443,Svitavy,Pardubice Region,CZ,49.75594,16.46829,3091,5167,0.598,355,2026-03-08,1,no,no,,,
444,Romorantin-Lanthenay,Centre-Val de Loire,FR,47.36667,1.75,3081,11201,0.275,552,2026-05-28,1,no,no,,,
445,Helmstedt,Lower Saxony,DE,52.2279,11.00985,3073,3657,0.84,418,2026-09-12,1,no,no,,,
446,Cluj-Napoca,Cluj County,RO,46.76667,23.6,3060,3141,0.974,2386,2026-04-15,1,no,no,,,
447,Hengelo,Overijssel,NL,52.26583,6.79306,3044,4563,0.667,402,2026-08-30,4,no,no,,,
448,Châtellerault,New Aquitaine,FR,46.81705,0.54518,3011,7068,0.426,462,2026-05-12,1,no,no,,,
449,Bačka Palanka,Vojvodina,RS,45.24966,19.39664,2993,18240,0.164,827,2026-09-10,1,no,no,,,
450,Trelew,Chubut,AR,-43.24895,-65.30505,2988,2991,0.999,402,2025-01-24,2,no,no,,,
451,Nyon,Vaud,CH,46.38318,6.23955,2985,7303,0.409,1359,2026-08-03,1,no,no,,,
452,Modena,Emilia-Romagna,IT,44.64783,10.92539,2958,4392,0.673,2788,2025-10-11,1,no,no,,,
453,Jequitinhonha,Minas Gerais,BR,-16.43389,-41.00333,2944,4297,0.685,1061,2026-07-03,1,no,no,,,
454,Geyve,Sakarya,TR,40.5075,30.2925,2918,2918,1.0,699,2025-11-23,1,no,no,,,
455,Sanzhi,Taipei,TW,25.25782,121.50182,2901,2909,0.997,1050,2026-06-01,1,yes,no,taipei--taiwan,1,20.1
456,Rodez,Occitanie,FR,44.35258,2.57338,2895,20694,0.14,1226,2026-09-12,1,no,no,,,
457,Vitré,Brittany,FR,48.12279,-1.20983,2884,25459,0.113,519,2025-08-04,1,no,no,,,
458,San Francisco,California,US,37.77493,-122.41942,2880,3222,0.894,998,2026-08-29,5,yes,no,san-francisco--california--united-states,1,0.0
459,Villa Carlos Paz,Cordoba,AR,-31.4183,-64.49008,2874,2874,1.0,337,2026-05-03,1,no,no,,,
460,Guéret,New Aquitaine,FR,46.17185,1.87166,2874,20201,0.142,1269,2026-08-29,1,no,no,,,
461,Chilecito,La Rioja,AR,-29.16163,-67.49934,2865,2865,1.0,544,2026-03-29,1,no,no,,,
462,Perpignan,Occitanie,FR,42.69764,2.89541,2852,78340,0.036,506,2026-07-15,1,no,no,,,
463,Governador Valadares,Minas Gerais,BR,-18.85111,-41.94944,2829,3251,0.87,788,2026-08-16,1,no,no,,,
464,Bergerac,New Aquitaine,FR,44.85157,0.48171,2823,6994,0.404,416,2026-08-02,1,no,no,,,
465,Diamantina,Minas Gerais,BR,-18.24692,-43.60345,2800,2801,1.0,1551,2026-05-30,1,no,no,,,
466,Viadana,Lombardy,IT,44.93553,10.51898,2784,5546,0.502,1607,2026-06-11,1,no,no,,,
467,Maştağa,Baki,AZ,40.52983,50.00616,2774,2774,1.0,1738,2025-10-31,1,no,no,,,
468,Zutphen,Gelderland,NL,52.13833,6.20139,2704,10484,0.258,367,2026-03-09,2,no,no,,,
469,Šumperk,Olomouc Region,CZ,49.96528,16.97061,2702,2742,0.985,622,2025-12-15,1,no,no,,,
470,Luján,Buenos Aires,AR,-34.5664,-59.11478,2696,2918,0.924,1265,2026-06-26,1,no,no,,,
471,Villa Gesell,Buenos Aires,AR,-37.26394,-56.97304,2691,2756,0.976,951,2025-01-29,1,no,no,,,
472,Mendoza,Mendoza,AR,-32.88946,-68.84582,2683,2688,0.998,370,2025-01-08,1,no,no,,,
473,Reims,Grand Est,FR,49.26526,4.02853,2675,4882,0.548,181,2026-09-29,1,no,no,,,
474,Redhill,England,GB,51.24048,-0.17044,2655,3334,0.796,319,2025-07-16,4,no,no,,,
475,Alta Gracia,Cordoba,AR,-31.64978,-64.42972,2646,2655,0.997,599,2026-05-03,1,no,no,,,
476,Taichung,Taiwan,TW,24.1469,120.6839,2640,15586,0.169,246,2026-08-23,2,no,no,,,
477,Frome,England,GB,51.22834,-2.32211,2604,3012,0.865,1842,2026-08-04,3,yes,no,bath--england--united-kingdom,1,17.2
478,Asheville,North Carolina,US,35.60095,-82.55402,2602,8589,0.303,455,2025-11-16,1,no,yes,,,
479,Bressuire,New Aquitaine,FR,46.84158,-0.49042,2598,28455,0.091,398,2026-08-29,1,no,no,,,
480,Salmon Creek,Washington,US,45.71067,-122.64899,2572,3498,0.735,380,2026-09-08,1,yes,no,vancouver--washington--united-states,1,9.1
481,Changhua,Taiwan,TW,24.0692,120.5512,2570,15366,0.167,437,2026-08-23,2,no,no,,,
482,Prenzlau,Brandenburg,DE,53.31702,13.86397,2543,2754,0.923,981,2026-04-12,1,no,no,,,
483,Lawrence,Kansas,US,38.97167,-95.23525,2542,5554,0.458,392,2026-02-07,1,yes,no,lawrence--kansas--united-states,1,0.1
484,Caratinga,Minas Gerais,BR,-19.78972,-42.13917,2541,2541,1.0,714,2026-08-17,1,no,no,,,
485,Fougères,Brittany,FR,48.35157,-1.19961,2521,16774,0.15,400,2026-08-07,1,no,no,,,
486,Magong,Taiwan,TW,23.5654,119.58627,2510,2510,1.0,205,2024-06-13,1,no,no,,,
487,Guaratinga,Bahia,BR,-16.58197,-39.78117,2494,2494,1.0,571,2026-02-04,1,no,no,,,
488,Haldensleben I,Saxony-Anhalt,DE,52.28906,11.40982,2458,2482,0.99,276,2026-03-22,1,no,no,,,
489,Malahide,Leinster,IE,53.45083,-6.15444,2435,2890,0.843,441,2026-04-25,1,no,no,,,
490,Charlottesville,Virginia,US,38.02931,-78.47668,2430,7859,0.309,592,2025-11-13,1,no,yes,,,
491,General Juan Madariaga,Buenos Aires,AR,-37.00196,-57.13584,2428,2428,1.0,270,2025-01-29,1,no,no,,,
492,Araçuaí,Minas Gerais,BR,-16.84972,-42.07028,2347,2718,0.864,1400,2026-05-31,1,no,no,,,
493,Cremona,Lombardy,IT,45.13325,10.02129,2343,4629,0.506,2323,2025-11-12,1,no,no,,,
494,Lacey,Washington,US,47.03426,-122.82319,2316,2317,1.0,389,2026-09-08,2,yes,no,olympia--washington--united-states,1,5.6
495,Asti,Piedmont,IT,44.90162,8.20751,2314,3557,0.651,2314,2026-08-21,1,no,no,,,
496,Paracatu,Minas Gerais,BR,-17.22222,-46.87472,2295,5632,0.407,998,2026-09-23,1,no,no,,,
497,Esenyurt,Istanbul,TR,41.02697,28.67732,2268,2284,0.993,297,2026-06-21,6,no,no,,,
498,Everett,Washington,US,47.97898,-122.20208,2261,4753,0.476,271,2025-08-01,2,yes,no,everett--washington--united-states,1,3.5
499,Aranđelovac,Central Serbia,RS,44.30694,20.56,2236,2793,0.801,1770,2025-11-08,1,no,no,,,
500,Nevers,Bourgogne,FR,46.98956,3.159,2234,6067,0.368,425,2026-08-29,1,no,no,,,
501,Budai,Taiwan,TW,23.37795,120.16154,2208,2240,0.986,238,2026-07-04,1,no,no,,,
502,Frederick,Maryland,US,39.41427,-77.41054,2132,7937,0.269,323,2025-11-10,2,yes,no,frederick--maryland--united-states,1,2.9
503,Perdriel,Mendoza,AR,-33.0749,-68.8884,2131,2131,1.0,340,2025-01-10,1,no,no,,,
504,Capelle aan den IJssel,South Holland,NL,51.92917,4.57778,2128,4449,0.478,711,2026-07-11,2,no,no,,,
505,Itambacuri,Minas Gerais,BR,-18.03111,-41.685,2116,2920,0.725,472,2026-08-15,1,no,no,,,
506,Waterford,Munster,IE,52.25833,-7.11194,2114,3215,0.658,639,2025-12-22,1,no,no,,,
507,Fredrikstad,Østfold,NO,59.2181,10.9298,2104,2255,0.933,221,2026-07-19,1,no,no,,,
508,Břeclav,South Moravian,CZ,48.75897,16.88203,2083,2217,0.94,171,2026-06-07,1,no,no,,,
509,Le Puy-en-Velay,Rhône-Alpes,FR,45.04366,3.88523,2082,127587,0.016,299,2026-09-11,1,no,no,,,
510,Balıkesir,Balıkesir,TR,39.64917,27.88611,2080,2095,0.993,703,2026-05-28,1,no,no,,,
511,Itaobim,Minas Gerais,BR,-16.56167,-41.50333,2078,2078,1.0,660,2026-08-15,1,no,no,,,
512,Ehingen,Baden-Wurttemberg,DE,48.28259,9.72749,2071,2218,0.934,290,2026-09-06,1,no,no,,,
513,Romano di Lombardia,Lombardy,IT,45.52081,9.7544,2067,6376,0.324,1528,2026-07-11,1,no,no,,,
514,Čačak,Central Serbia,RS,43.89139,20.34972,2051,30573,0.067,308,2025-11-11,1,no,no,,,
515,Limay,Île-de-France,FR,48.99553,1.74081,2042,13879,0.147,916,2026-04-25,1,no,no,,,
516,Senden,North Rhine-Westphalia,DE,51.85645,7.48327,2023,2075,0.975,284,2025-04-18,1,no,no,,,
